N116;N6
N137;N430
N443;N6
N129;N475
N324;N166
N380;N367
N42;N74
N301;N115
N462;N350
N302;N69
N132;N129
N223;N393
N499;N392
N61;N42
N168;N425
N103;N381
N470;N324
N105;N139
N68;N380
N316;N410
N54;N367
N348;N488
N488;N214
N145;N405
N463;N419
N299;N380
N120;N243
N400;N451
N410;N224
N234;N434
N310;N264
N50;N323
N95;N201
N327;N128
N103;N357
N30;N45
N9;N387
N150;N312
N396;N270
N340;N468
N284;N1
N469;N82
N386;N144
N200;N26
N49;N465
N449;N273
N445;N320
N89;N393
N414;N384
N29;N266
N464;N167
N496;N446
N245;N242
N156;N302
N156;N305
N426;N204
N8;N500
N139;N453
N449;N47
N15;N179
N410;N459
N395;N327
N139;N336
N309;N134
N297;N225
N465;N12
N89;N483
N26;N471
N491;N15
N69;N341
N299;N472
N118;N211
N346;N277
N292;N433
N397;N67
N273;N244
N99;N340
N283;N88
N231;N24
N469;N491
N313;N492
N156;N123
N213;N392
N275;N437
N114;N314
N339;N475
N226;N73
N401;N265
N453;N5
N155;N118
N226;N420
N395;N465
N184;N105
N234;N107
N10;N448
N360;N157
N376;N90
N431;N300
N406;N136
N134;N196
N348;N60
N95;N402
N308;N149
N179;N397
N319;N482
N153;N293
N159;N90
N108;N344
N121;N360
N116;N382
N383;N402
N230;N207
N195;N20
N128;N442
N20;N203
N483;N480
N130;N240
N388;N408
N131;N37
N418;N317
N345;N187
N309;N121
N74;N37
N33;N171
N335;N191
N352;N218
N126;N143
N303;N366
N268;N19
N154;N81
N275;N43
N426;N482
N246;N423
N412;N74
N134;N78
N362;N116
N234;N493
N320;N73
N452;N429
N448;N490
N435;N304
N391;N91
N58;N315
N336;N302
N376;N476
N306;N143
N477;N372
N35;N30
N427;N473
N6;N459
N38;N368
N51;N364
N169;N434
N224;N159
N372;N456
N194;N415
N316;N497
N351;N48
N217;N138
N226;N185
N34;N115
N13;N446
N11;N25
N463;N462
N500;N135
N269;N380
N191;N204
N122;N402
N432;N221
N450;N191
N200;N413
N449;N314
N287;N359
N447;N189
N213;N132
N108;N159
N379;N200
N127;N394
N287;N342
N495;N188
N269;N158
N356;N188
N195;N247
N499;N324
N114;N68
N160;N497
N308;N53
N497;N348
N131;N391
N32;N493
N16;N420
N214;N437
N447;N161
N372;N481
N475;N267
N351;N171
N456;N46
N476;N271
N315;N391
N83;N274
N308;N57
N220;N71
N157;N91
N227;N271
N335;N35
N329;N166
N398;N220
N132;N178
N139;N81
N274;N491
N235;N58
N188;N486
N339;N20
N17;N266
N134;N205
N53;N3
N110;N415
N419;N60
N160;N157
N236;N298
N448;N236
N384;N2
N103;N275
N474;N81
N408;N195
N121;N403
N354;N372
N70;N343
N284;N55
N70;N226
N3;N107
N87;N209
N31;N148
N38;N481
N181;N352
N310;N476
N438;N131
N363;N63
N258;N315
N93;N9
N75;N256
N11;N395
N250;N481
N27;N269
N293;N167
N432;N253
N499;N34
N471;N232
N450;N169
N18;N94
