N57;N67
N95;N227
N217;N86
N30;N287
N384;N50
N110;N286
N272;N201
N71;N373
N458;N187
N79;N191
N314;N83
N127;N35
N37;N489
N232;N30
N488;N37
N143;N40
N125;N440
N1;N438
N481;N46
N340;N327
N158;N109
N357;N292
N5;N331
N205;N428
N407;N310
N449;N251
N136;N95
N65;N78
N99;N389
N247;N18
N98;N414
N209;N443
N285;N170
N196;N365
N92;N291
N290;N186
N192;N343
N66;N465
N80;N167
N167;N495
N498;N325
N12;N313
N138;N384
N361;N62
N111;N6
N215;N19
N466;N364
N223;N138
N400;N210
N497;N65
N142;N231
N199;N214
N498;N334
N69;N317
N478;N146
N382;N288
N218;N272
N207;N11
N319;N294
N296;N80
N320;N151
N255;N467
N368;N404
N50;N333
N78;N337
N343;N409
N105;N154
N179;N481
N295;N9
N243;N105
N196;N228
N311;N123
N285;N397
N13;N144
N4;N407
N433;N159
N16;N429
N188;N381
N260;N439
N483;N176
N284;N344
N120;N56
N252;N233
N129;N436
N397;N103
N465;N12
N126;N258
N277;N160
N491;N7
N21;N437
N73;N23
N345;N391
N427;N302
N385;N122
N246;N434
N425;N486
N240;N193
N26;N44
N157;N17
N420;N211
N368;N477
N365;N297
N393;N63
N234;N222
N49;N169
N182;N70
N209;N36
N106;N91
N392;N20
N472;N196
N288;N386
N430;N498
N122;N474
N91;N124
N244;N494
N339;N479
N184;N468
N155;N236
N315;N200
N292;N444
N407;N101
N192;N148
N374;N280
N59;N92
N6;N244
N437;N215
N411;N27
N222;N403
N436;N126
N226;N69
N184;N134
N63;N114
N24;N13
N321;N15
N441;N2
N57;N400
N417;N82
N33;N396
N163;N290
N6;N235
N323;N106
N3;N197
N163;N171
N11;N88
N434;N165
N483;N256
N264;N218
N277;N278
N108;N354
N74;N442
N279;N28
N151;N324
N401;N129
N239;N153
N409;N22
N164;N274
N474;N115
N62;N395
N479;N388
N394;N390
N37;N418
N241;N199
N281;N262
N328;N375
N342;N295
N186;N447
N417;N131
N208;N203
N372;N207
N100;N352
N180;N14
N108;N289
N424;N163
N324;N441
N251;N490
N221;N307
N141;N24
N318;N250
N282;N149
N7;N500
N29;N449
N70;N127
N489;N347
N82;N119
N444;N346
N213;N348
N420;N492
N283;N435
N259;N185
N242;N31
N82;N469
N183;N133
N432;N234
N193;N245
N108;N178
N427;N118
N143;N102
N198;N427
N419;N281
N352;N152
N439;N338
N294;N472
N452;N410
N500;N259
N183;N242
N395;N155
N390;N279
N482;N363
N3;N261
N135;N366
N427;N248
N98;N263
N111;N157
N45;N273
N201;N137
N303;N319
N386;N75
N90;N416
N268;N336
N410;N179
N134;N85
N67;N496
N191;N318
N256;N323
N27;N345
N351;N206
N389;N392
N307;N10
N19;N399
N286;N132
N19;N394
N34;N459
N276;N426
N441;N81
N341;N93
N316;N204
N434;N456
N306;N350
N75;N369
N175;N423
N284;N42
N161;N387
N88;N99
N163;N90
N278;N322
N229;N3
N220;N59
N47;N136
N155;N406
N387;N379
N39;N353
N93;N47
N233;N219
N417;N166
N231;N380
N392;N140
N379;N73
N312;N21
N274;N371
N198;N349
N32;N491
N70;N455
N304;N162
N378;N87
N168;N341
N462;N48
N22;N100
N363;N53
N82;N411
N450;N150
N470;N497
N133;N268
N413;N38
N463;N68
N490;N241
N290;N49
N188;N476
N364;N237
N153;N212
N87;N320
N345;N8
N83;N296
N461;N5
N266;N110
N178;N359
N487;N220
N459;N445
N437;N284
N166;N293
N299;N283
N429;N487
N256;N55
N402;N173
N366;N419
N178;N471
N334;N499
N212;N339
N331;N190
N348;N45
N493;N355
N56;N393
N301;N111
N473;N174
N460;N107
N84;N401
N462;N76
N172;N89
N15;N164
N337;N448
N85;N143
N313;N330
N203;N402
N443;N358
N195;N66
N225;N177
N200;N128
N253;N422
N330;N351
N402;N113
N128;N195
N447;N376
N162;N182
N109;N98
N403;N194
N388;N161
N3;N300
N236;N405
N329;N378
N438;N466
N414;N255
N107;N299
N81;N360
N81;N367
N178;N58
N359;N180
N237;N168
N173;N240
N257;N308
N262;N221
N254;N382
N154;N34
N159;N309
N139;N450
N10;N306
N371;N16
N346;N483
N28;N25
N94;N183
N123;N342
N426;N328
N152;N454
N52;N247
N43;N356
N213;N147
N88;N230
N64;N304
N367;N108
N422;N229
N143;N412
N316;N54
N206;N71
N149;N4
N48;N156
N165;N97
N112;N135
N291;N260
N144;N385
N115;N158
N54;N61
N219;N41
N43;N484
N35;N321
N194;N217
N132;N33
N435;N232
N227;N311
N53;N276
N114;N314
N140;N461
N300;N26
N349;N462
N216;N226
N411;N116
N440;N340
N100;N172
N250;N192
N480;N301
N353;N415
N322;N125
N245;N216
N118;N478
N302;N267
N249;N275
N406;N72
N224;N372
N484;N464
N61;N175
N216;N458
N369;N413
N72;N253
N40;N305
N338;N239
N415;N29
N475;N453
N326;N184
N464;N249
N261;N94
N484;N225
N334;N425
N18;N417
N287;N451
N126;N74
N53;N362
N280;N120
N253;N270
N145;N43
N117;N32
N356;N298
N474;N181
N446;N357
N378;N121
N63;N332
N38;N145
N423;N315
N2;N431
N265;N493
N297;N312
N495;N64
N103;N424
N48;N361
N275;N473
N486;N398
N367;N77
N355;N316
N463;N139
N46;N475
N106;N254
N451;N51
N25;N326
N456;N117
N476;N84
N350;N470
N448;N277
N31;N189
N333;N266
N443;N408
N76;N383
N381;N238
N347;N223
N288;N271
N14;N198
N137;N265
N270;N142
N453;N243
N189;N60
N229;N485
N74;N480
N185;N141
N375;N79
N494;N252
N287;N104
N210;N257
N347;N457
N6;N421
N310;N246
N9;N205
N445;N430
N152;N460
N255;N482
N398;N112
N174;N303
N41;N213
N305;N188
N86;N452
N373;N374
N428;N264
N190;N488
N110;N96
N51;N446
N111;N420
N214;N208
N396;N282
N400;N329
N23;N432
N302;N335
N119;N285
N189;N209
N273;N52
N327;N202
N353;N130
N423;N370
N378;N269
N317;N224
N197;N368
N202;N39
N209;N463
N275;N377
N49;N57
N302;N433
