N179;N134
N179;N378
N9;N481
N9;N483
N175;N103
N126;N292
N104;N54
N369;N98
N1;N314
N5;N458
N5;N216
N202;N239
N29;N289
N104;N405
N1;N19
N1;N304
N375;N13
N42;N155
N375;N8
N202;N231
N5;N325
N294;N187
N294;N188
N179;N351
N365;N478
N9;N381
N179;N3
N222;N445
N369;N76
N111;N20
N367;N24
N215;N170
N215;N172
N365;N354
N9;N32
N5;N116
N244;N169
N202;N104
N5;N112
N9;N151
N9;N273
N9;N396
N42;N492
N42;N252
N42;N256
N9;N160
N9;N40
N202;N89
N365;N246
N244;N152
N179;N369
N5;N341
N126;N39
N202;N209
N126;N374
N126;N495
N82;N60
N1;N232
N215;N7
N1;N357
N104;N451
N16;N258
N1;N356
N485;N402
N42;N30
N104;N332
N215;N31
N485;N404
N9;N92
N375;N43
N104;N337
N5;N257
N24;N38
N184;N358
N8;N438
N8;N315
N42;N27
N1;N463
N1;N221
N485;N410
N9;N297
N1;N220
N1;N464
N5;N120
N5;N241
N184;N107
N1;N347
N1;N105
N215;N384
N485;N418
N8;N444
N5;N363
N5;N484
N215;N25
N5;N123
N8;N419
N206;N457
N42;N59
N175;N244
N1;N450
N82;N86
N42;N290
N82;N85
N29;N198
N5;N393
N375;N22
N215;N251
N485;N423
N1;N459
N375;N21
N215;N379
N9;N77
N24;N15
N179;N288
N8;N45
N82;N97
N1;N440
N485;N431
N1;N201
N1;N442
N1;N321
N5;N261
N375;N33
N1;N323
N104;N420
N485;N433
N5;N141
N5;N262
N1;N449
N485;N319
N9;N82
N5;N380
N42;N179
N1;N329
N425;N153
N468;N500
N8;N300
N5;N144
N5;N267
N82;N355
N294;N122
N24;N74
N294;N128
N165;N415
N1;N395
N8;N96
N82;N470
N82;N110
N1;N156
N499;N439
N375;N183
N24;N142
N162;N94
N8;N233
N375;N189
N485;N448
N8;N472
N369;N17
N39;N62
N39;N416
N82;N119
N8;N236
N215;N118
N8;N234
N294;N361
N294;N353
N215;N229
N24;N247
N485;N453
N1;N266
N1;N269
N8;N240
N1;N147
N485;N455
N24;N131
N199;N286
N485;N339
N485;N338
N39;N51
N82;N109
N8;N127
N8;N368
N8;N245
N165;N434
N82;N213
N82;N217
N294;N225
N485;N460
N1;N493
N1;N372
N1;N254
N1;N133
N485;N344
N324;N222
N1;N498
N485;N100
N1;N136
N29;N428
N1;N259
N485;N466
N29;N309
N8;N211
N485;N108
N42;N12
N485;N228
N82;N219
N8;N334
N165;N430
N215;N212
N369;N452
N369;N454
N165;N322
N369;N215
N165;N205
N165;N447
N1;N480
N24;N467
N24;N469
N485;N473
N1;N489
N485;N237
N8;N342
N82;N208
N8;N226
N8;N468
N68;N199
N165;N320
N165;N441
N215;N202
N8;N227
N82;N311
N82;N436
N82;N6
N485;N243
N485;N364
N485;N249
N8;N392
N42;N345
N5;N412
N5;N413
N8;N399
N82;N421
N485;N490
N82;N424
N82;N303
N1;N181
N5;N406
N24;N446
N24;N203
N29;N126
N1;N185
N485;N99
N485;N377
N8;N291
N485;N376
N8;N281
N367;N298
N206;N175
N485;N383
N162;N68
N1;N295
N29;N235
N1;N177
N485;N265
N485;N264
N294;N263
N215;N409
N294;N138
N485;N390
N5;N429
N1;N280
N165;N403
N1;N283
N1;N164
N1;N163
N1;N165
N8;N382
N8;N260
N244;N191
N5;N422
N42;N336
N165;N135
N165;N139
N485;N67
N485;N161
N375;N224
N82;N196
N375;N461
N468;N394
N367;N148
N367;N268
N375;N343
N5;N37
N165;N371
N165;N250
N165;N370
N165;N255
N468;N397
N468;N28
N165;N146
N39;N158
N485;N58
N468;N284
N439;N178
N5;N48
N375;N331
N165;N140
N165;N387
N468;N168
N68;N16
N162;N299
N39;N242
N375;N248
N485;N41
N5;N57
N375;N362
N375;N360
N468;N494
N8;N176
N367;N282
N165;N391
N165;N270
N165;N275
N165;N274
N485;N193
N29;N66
N485;N34
N375;N350
N367;N398
N367;N154
N468;N149
N367;N271
N165;N287
N5;N65
N468;N386
N82;N277
N165;N456
N82;N276
N82;N159
N294;N326
N324;N400
N82;N272
N367;N102
N24;N186
N367;N101
N5;N72
N485;N5
N5;N73
N165;N465
N375;N137
N294;N437
N82;N143
N82;N385
N24;N294
N367;N210
N375;N496
N367;N330
N375;N253
N5;N80
N82;N375
N369;N302
N39;N162
N82;N130
N82;N132
N468;N173
N367;N125
N468;N296
N165;N471
N5;N91
N68;N389
N5;N95
N82;N486
N165;N124
N165;N366
N165;N487
N165;N129
N375;N279
N24;N145
N24;N388
N375;N150
N375;N157
N468;N180
N278;N499
N165;N482
N165;N485
N165;N121
N82;N26
N9;N407
N16;N184
N294;N88
N165;N61
N367;N306
N375;N90
N165;N53
N104;N497
N425;N324
N165;N56
N9;N408
N468;N316
N104;N491
N468;N312
N104;N373
N162;N346
N400;N401
N126;N84
N367;N417
N165;N64
N5;N285
N104;N365
N184;N305
N165;N63
N367;N78
N104;N488
N5;N166
N5;N167
N9;N301
N1;N87
N126;N114
N82;N49
N82;N47
N126;N352
N126;N93
N5;N195
N5;N197
N104;N476
N365;N18
N5;N192
N126;N106
N1;N79
N126;N223
N9;N318
N165;N50
N367;N317
N162;N207
N367;N313
N184;N206
N222;N278
N365;N29
N165;N46
N5;N182
N425;N111
N1;N83
N1;N81
N244;N425
N179;N333
N445;N432
N9;N204
N126;N411
N9;N327
N375;N308
N9;N443
N165;N10
N111;N414
N324;N44
N468;N479
N165;N293
N165;N171
N468;N117
N468;N238
N1;N71
N9;N14
N468;N477
N104;N174
N9;N214
N9;N335
N1;N52
N179;N340
N1;N55
N367;N35
N468;N367
N9;N23
N242;N427
N9;N348
N9;N349
N468;N218
N9;N462
N367;N69
N165;N190
N165;N194
N9;N115
N82;N11
N9;N359
N1;N36
N5;N2
N375;N435
N9;N230
N9;N474
N9;N475
N5;N4
N9;N113
N425;N70
N5;N9
N375;N310
N468;N75
N294;N42
N365;N200
N126;N307
N179;N328
N126;N426
