N491;N344
N393;N99
N411;N87
N184;N395
N348;N490
N105;N267
N211;N292
N145;N6
N129;N472
N143;N37
N208;N44
N483;N149
N196;N258
N240;N397
N79;N194
N386;N160
N339;N440
N335;N306
N356;N218
N364;N419
N57;N426
N2;N276
N407;N312
N273;N175
N272;N4
N448;N302
N49;N247
N487;N284
N458;N178
N377;N113
N143;N46
N272;N311
N71;N385
N457;N328
N151;N147
N154;N426
N152;N69
N375;N12
N407;N306
N81;N48
N127;N44
N340;N213
N167;N136
N218;N260
N449;N125
N483;N152
N498;N326
N87;N379
N167;N132
N113;N459
N137;N208
N226;N464
N389;N454
N247;N376
N8;N406
N407;N302
N252;N257
N449;N63
N492;N171
N206;N371
N105;N288
N389;N448
N368;N37
N92;N265
N126;N199
N327;N124
N222;N327
N385;N345
N167;N123
N37;N344
N305;N27
N278;N27
N239;N182
N143;N391
N138;N498
N122;N485
N247;N383
N284;N3
N377;N78
N223;N130
N74;N87
N215;N13
N33;N235
N450;N357
N486;N460
N436;N440
N419;N219
N279;N300
N28;N316
N18;N9
N134;N387
N136;N74
N49;N228
N21;N347
N272;N333
N327;N116
N377;N133
N364;N420
N105;N270
N251;N424
N127;N68
N12;N339
N29;N138
N91;N468
N55;N9
N321;N65
N83;N267
N240;N74
N386;N156
N420;N442
N195;N408
N296;N70
N281;N341
N368;N13
N108;N126
N191;N300
N386;N128
N411;N40
N136;N47
N215;N4
N67;N5
N277;N288
N408;N123
N465;N14
N32;N410
N146;N276
N195;N457
N192;N154
N402;N78
N101;N156
N110;N125
N263;N322
N312;N377
N38;N187
N381;N213
N328;N388
N449;N95
N433;N163
N99;N220
N32;N405
N470;N401
N465;N22
N437;N229
N368;N27
N99;N224
N118;N27
N21;N325
N38;N169
N118;N29
N303;N349
N383;N299
N305;N74
N356;N247
N129;N442
N340;N250
N121;N218
N288;N387
N217;N459
N356;N249
N223;N181
N323;N75
N223;N186
N420;N466
N81;N86
N192;N149
N287;N73
N270;N297
N394;N389
N370;N133
N259;N251
N500;N215
N359;N73
N293;N213
N34;N490
N377;N101
N192;N171
N128;N209
N319;N366
N483;N84
N98;N461
N98;N462
N217;N429
N465;N37
N257;N195
N201;N451
N292;N459
N450;N313
N407;N373
N454;N492
N78;N371
N281;N396
N110;N151
N321;N396
N50;N416
N279;N340
N126;N143
N74;N205
N58;N294
N458;N28
N261;N281
N248;N166
N320;N180
N336;N175
N385;N379
N401;N124
N401;N123
N425;N390
N375;N38
N33;N285
N352;N146
N186;N443
N417;N136
N206;N35
N467;N154
N121;N265
N296;N135
N417;N139
N38;N19
N19;N369
N251;N491
N490;N100
N199;N152
N429;N476
N80;N332
N399;N277
N133;N124
N391;N97
N123;N274
N465;N132
N294;N483
N328;N343
N391;N93
N44;N311
N352;N157
N460;N176
N342;N282
N321;N374
N463;N39
N158;N197
N434;N386
N327;N172
N434;N382
N108;N179
N216;N197
N143;N344
N283;N438
N34;N475
N80;N323
N81;N175
N485;N213
N354;N141
N123;N281
N429;N467
N399;N289
N192;N185
N19;N370
N67;N240
N397;N254
N65;N213
N189;N298
N128;N231
N489;N353
N183;N125
N242;N68
N341;N469
N314;N23
N17;N248
N242;N64
N134;N95
N122;N403
N357;N29
N214;N177
N85;N317
N30;N348
N80;N5
N413;N78
N199;N30
N307;N25
N188;N430
N55;N352
N422;N483
N292;N493
N67;N56
N17;N256
N318;N115
N305;N404
N444;N241
N67;N270
N132;N18
N376;N325
N331;N222
N492;N72
N352;N137
N294;N457
N424;N138
N258;N471
N143;N322
N211;N221
N107;N342
N199;N183
N475;N376
N1;N488
N70;N157
N60;N280
N24;N231
N492;N107
N382;N451
N256;N326
N19;N399
N454;N466
N10;N266
N170;N81
N492;N69
N289;N131
N110;N117
N286;N250
N316;N446
N216;N168
N435;N182
N120;N458
N215;N319
N234;N298
N145;N432
N208;N481
N19;N317
N14;N408
N472;N484
N246;N158
N196;N290
N304;N179
N414;N318
N221;N105
N151;N174
N384;N88
N218;N215
N123;N230
N442;N137
N470;N472
N123;N232
N133;N163
N457;N374
N370;N194
N281;N331
N306;N220
N285;N77
N434;N347
N497;N115
N82;N422
N306;N222
N191;N370
N416;N318
N3;N493
N490;N66
N75;N472
N416;N313
N193;N326
N134;N20
N30;N376
N284;N240
N417;N169
N354;N107
N27;N125
N485;N97
N413;N49
N364;N444
N322;N197
N125;N355
N236;N290
N32;N490
N377;N46
N497;N110
N484;N404
N341;N75
N344;N396
N75;N480
N213;N36
N384;N70
N324;N262
N39;N440
N221;N123
N171;N260
N211;N276
N221;N126
N145;N413
N258;N449
N304;N197
N434;N326
N349;N290
N178;N239
N241;N115
N463;N53
N274;N391
N341;N419
N141;N83
N324;N277
N238;N338
N314;N74
N372;N275
N256;N369
N196;N261
N361;N500
N397;N270
N80;N341
N221;N136
N490;N119
N128;N294
N161;N29
N65;N13
N487;N228
N258;N439
N459;N350
N262;N478
N120;N499
N61;N161
N144;N228
N38;N97
N291;N222
N266;N147
N399;N317
N351;N379
N35;N353
N291;N227
N438;N447
N316;N12
N56;N267
N472;N447
N270;N315
N111;N451
N500;N194
N317;N249
N250;N132
N372;N282
N326;N297
N423;N391
N139;N323
N341;N48
N157;N297
N254;N391
N338;N170
N338;N172
N40;N243
N85;N265
N310;N298
N244;N64
N484;N440
N476;N129
N189;N336
N233;N379
N200;N124
N470;N73
N388;N197
N464;N265
N103;N145
N233;N370
N249;N488
N76;N211
N346;N468
N349;N300
N330;N475
N372;N290
N326;N287
N406;N67
N402;N476
N341;N34
N197;N414
N484;N5
N337;N457
N334;N476
N165;N158
N283;N368
N194;N266
N39;N481
N147;N70
N233;N346
N429;N21
N85;N271
N329;N136
N464;N273
N200;N134
N93;N477
N11;N127
N250;N158
N90;N139
N334;N75
N326;N278
N409;N481
N410;N108
N165;N154
N40;N222
N331;N188
N358;N376
N337;N465
N287;N187
N414;N268
N379;N285
N269;N435
N203;N425
N440;N132
N237;N164
N59;N459
N72;N217
N270;N308
N347;N293
N45;N22
N392;N329
N246;N186
N72;N7
N197;N438
N262;N461
N452;N397
N97;N105
N147;N448
N274;N32
N15;N133
N112;N137
N76;N70
N254;N357
N250;N173
N451;N216
N145;N397
N147;N19
N204;N62
N11;N102
N35;N313
N11;N103
N461;N85
N392;N317
N114;N12
N115;N152
N351;N330
N349;N331
N317;N287
N131;N437
N444;N265
N410;N115
N360;N274
N488;N491
N362;N301
N112;N127
N436;N9
N26;N244
N40;N208
N76;N80
N295;N284
N254;N369
N188;N402
N47;N84
N440;N116
N446;N322
N332;N53
N304;N205
N351;N340
N289;N29
N31;N54
N444;N259
N395;N104
N410;N119
N289;N21
N489;N397
N189;N376
N371;N4
N435;N242
N161;N449
N369;N303
N417;N111
N245;N213
N435;N245
N92;N57
N100;N56
N313;N240
N386;N34
N415;N31
N280;N181
N369;N307
N473;N392
N114;N33
N402;N464
N197;N401
N418;N435
N26;N209
N131;N455
N39;N7
N53;N258
N89;N470
N331;N140
N301;N72
N100;N286
N240;N303
N380;N474
N161;N433
N260;N60
N229;N285
N81;N150
N396;N461
N181;N407
N174;N497
N280;N170
N177;N415
N147;N450
N219;N26
N349;N321
N376;N244
N406;N83
N188;N46
N231;N77
N90;N21
N345;N111
N380;N407
N31;N25
N207;N160
N275;N225
N383;N265
N154;N2
N47;N55
N461;N477
N426;N174
N451;N254
N315;N192
N446;N352
N31;N23
N38;N143
N274;N83
N46;N461
N302;N128
N231;N81
N415;N476
N334;N416
N102;N38
N210;N397
N36;N77
N430;N335
N461;N463
N145;N32
N393;N484
N426;N182
N450;N309
N114;N232
N405;N278
N36;N469
N246;N63
N265;N486
N312;N323
N139;N398
N36;N465
N217;N16
N360;N234
N149;N140
N152;N397
N209;N291
N71;N307
N380;N424
N319;N328
N145;N27
N378;N349
N299;N413
N474;N36
N69;N279
N447;N64
N217;N348
N298;N258
N381;N117
N23;N422
N84;N109
N220;N352
N239;N225
N239;N226
N335;N390
N2;N227
N56;N210
N290;N366
N11;N198
N26;N264
N159;N388
N299;N407
N48;N378
N222;N278
N232;N257
N69;N293
N405;N253
N476;N184
N426;N165
N405;N255
N405;N257
N491;N422
N253;N191
N116;N323
N180;N285
N365;N338
N458;N265
N129;N395
N116;N29
N353;N476
N172;N121
N169;N125
N496;N339
N124;N483
N90;N69
N49;N25
N106;N119
N253;N194
N474;N54
N164;N201
N47;N10
N84;N162
N202;N50
N451;N296
N447;N89
N185;N195
N11;N194
N451;N292
N13;N237
N7;N143
N441;N245
N289;N94
N207;N196
N428;N267
N441;N240
N20;N99
N310;N257
N119;N177
N119;N176
N78;N76
N353;N486
N393;N440
N164;N212
N102;N75
N94;N366
N498;N406
N34;N40
N368;N185
N418;N25
N481;N448
N174;N433
N9;N20
N188;N82
N7;N152
N242;N424
N94;N362
N197;N455
N486;N350
N23;N436
N223;N7
N116;N300
N456;N153
N227;N364
N180;N264
N413;N128
N245;N291
N51;N330
N237;N137
N458;N242
N74;N179
N159;N335
N185;N177
N13;N213
N21;N381
N461;N497
N425;N423
N114;N242
N94;N391
N152;N368
N94;N397
N355;N347
N339;N500
N160;N291
N491;N453
N159;N341
N330;N456
N498;N420
N43;N425
N51;N348
N232;N216
N388;N32
N391;N150
N7;N174
N202;N258
N76;N25
N279;N413
N373;N333
N280;N404
N280;N406
N5;N217
N2;N159
N296;N411
N222;N429
N34;N191
N62;N209
N267;N303
N363;N4
N288;N456
N363;N2
N340;N322
N311;N457
N407;N436
N482;N426
N339;N320
N34;N71
N91;N314
N430;N189
N1;N319
N474;N466
N320;N254
N110;N295
N373;N345
N50;N355
N453;N300
N6;N292
N95;N211
N398;N147
N267;N318
N58;N154
N158;N31
N19;N405
N382;N151
N154;N307
N374;N194
N359;N403
N91;N320
N339;N310
N259;N109
N17;N183
N453;N307
N246;N402
N356;N327
N483;N275
N344;N476
N276;N127
N370;N260
N2;N163
N279;N435
N435;N94
N373;N316
N167;N49
N163;N140
N416;N225
N344;N449
N435;N90
N462;N137
N230;N403
N356;N353
N399;N11
N336;N483
N357;N156
N417;N44
N117;N465
N499;N296
N42;N124
N424;N428
N320;N278
N478;N142
N252;N365
N457;N471
N78;N210
N202;N338
N272;N218
N419;N337
N296;N407
N205;N456
N400;N226
N205;N453
N142;N462
N343;N409
N416;N211
N498;N464
N264;N258
N324;N199
N125;N418
N428;N119
N167;N476
N32;N25
N80;N267
N172;N393
N17;N11
N83;N387
N86;N425
N341;N176
N244;N154
N499;N284
N433;N272
N307;N145
N422;N191
N474;N439
N320;N263
N210;N121
N33;N383
N50;N305
N397;N105
N491;N269
N259;N152
N352;N227
N167;N27
N182;N63
N1;N350
N74;N113
N271;N60
N105;N183
N182;N59
N101;N272
N430;N140
N193;N272
N104;N335
N499;N231
N454;N355
N247;N285
N37;N448
N496;N173
N310;N408
N62;N242
N142;N410
N450;N212
N5;N254
N78;N273
N280;N17
N265;N68
N62;N240
N67;N170
N498;N481
N105;N178
N74;N104
N174;N53
N445;N147
N21;N444
N124;N412
N1;N340
N219;N198
N54;N449
N167;N456
N426;N45
N345;N283
N462;N164
N496;N184
N247;N298
N244;N135
N202;N304
N474;N481
N193;N92
N244;N127
N184;N251
N474;N485
N19;N68
N104;N317
N259;N136
N199;N259
N271;N82
N337;N49
N42;N168
N41;N18
N307;N178
N36;N454
N417;N81
N151;N207
N354;N60
N273;N466
N370;N245
N97;N87
N319;N474
N144;N6
N264;N217
N69;N489
N27;N423
N348;N344
N32;N65
N34;N140
N42;N173
N357;N121
N454;N385
N103;N12
N357;N123
N387;N3
N226;N3
N407;N485
N226;N1
N120;N14
N184;N246
N331;N1
N435;N30
N470;N159
N269;N162
N362;N238
N98;N127
N193;N237
N342;N179
N234;N131
N338;N321
N54;N414
N445;N193
N77;N450
N11;N423
N113;N182
N98;N122
N132;N400
N328;N225
N422;N146
N15;N37
N77;N460
N55;N252
N419;N394
N100;N238
N422;N142
N428;N1
N234;N138
N131;N356
N282;N60
N12;N284
N131;N363
N99;N301
N208;N314
N67;N111
N294;N115
N136;N3
N77;N462
N193;N246
N15;N40
N274;N297
N161;N297
N246;N488
N79;N458
N464;N429
N12;N279
N336;N434
N259;N170
N3;N386
N487;N311
N500;N132
N334;N198
N470;N176
N183;N241
N75;N103
N392;N174
N110;N220
N193;N218
N259;N178
N186;N99
N1;N370
N478;N18
N477;N384
N493;N298
N101;N296
N70;N264
N282;N288
N184;N54
N199;N295
N211;N39
N414;N418
N87;N400
N429;N339
N362;N250
N397;N124
N292;N379
N321;N470
N88;N288
N213;N498
N54;N423
N95;N57
N113;N190
N208;N332
N464;N440
N184;N36
N359;N468
N499;N207
N485;N110
N364;N146
N70;N276
N399;N89
N7;N50
N375;N194
N349;N369
N228;N394
N442;N446
N299;N18
N131;N387
N376;N443
N470;N114
N112;N1
N452;N103
N273;N410
N113;N148
N407;N62
N93;N377
N161;N263
N188;N134
N485;N127
N482;N469
N401;N436
N490;N266
N57;N106
N12;N224
N17;N155
N457;N495
N83;N393
N138;N192
N439;N247
N291;N69
N286;N118
N379;N348
N22;N33
N316;N339
N193;N207
N70;N217
N85;N229
N32;N125
N314;N148
N211;N122
N301;N449
N459;N305
N248;N12
N7;N74
N420;N183
N428;N45
N459;N308
N60;N341
N125;N478
N296;N463
N107;N51
N236;N171
N278;N433
N87;N458
N356;N65
N256;N39
N306;N374
N158;N484
N24;N91
N441;N40
N241;N222
N459;N331
N291;N93
N274;N287
N274;N282
N17;N170
N254;N173
N404;N359
N45;N78
N449;N236
N125;N467
N98;N190
N447;N383
N490;N246
N17;N68
N266;N127
N215;N415
N392;N136
N366;N409
N450;N280
N3;N351
N158;N498
N69;N404
N334;N141
N485;N150
N440;N173
N143;N247
N103;N287
N482;N435
N70;N231
N447;N392
N389;N350
N156;N70
N198;N445
N117;N412
N490;N237
N429;N369
N22;N16
N49;N311
N65;N157
N479;N305
N148;N131
N338;N283
N437;N40
N65;N194
N414;N350
N287;N298
N329;N478
N355;N282
N435;N146
N409;N338
N488;N102
N64;N467
N237;N272
N459;N238
N201;N199
N443;N228
N73;N382
N48;N8
N97;N471
N469;N63
N365;N76
N65;N185
N257;N210
N366;N307
N68;N249
N18;N243
N454;N96
N291;N45
N437;N50
N90;N267
N330;N357
N443;N230
N127;N333
N271;N170
N82;N184
N425;N5
N322;N277
N295;N368
N439;N298
N111;N348
N469;N53
N32;N170
N305;N257
N124;N57
N152;N435
N371;N433
N481;N393
N190;N119
N89;N382
N411;N395
N124;N384
N99;N43
N411;N397
N488;N126
N295;N390
N154;N22
N13;N47
N439;N264
N367;N162
N68;N221
N141;N380
N68;N224
N76;N308
N460;N248
N107;N47
N97;N457
N228;N442
N18;N209
N220;N50
N88;N202
N59;N333
N411;N388
N84;N47
N496;N206
N198;N485
N216;N130
N154;N40
N177;N337
N349;N403
N13;N38
N372;N198
N269;N96
N305;N231
N28;N23
N324;N11
N278;N335
N1;N8
N152;N458
N326;N388
N131;N304
N283;N491
N102;N437
N120;N100
N224;N240
N380;N328
N12;N197
N236;N109
N88;N232
N109;N75
N224;N248
N161;N301
N156;N253
N116;N283
N293;N80
N440;N241
N73;N4
N322;N225
N330;N380
N444;N382
N269;N84
N346;N396
N369;N409
N112;N495
N242;N381
N329;N449
N26;N364
N464;N341
N399;N403
N329;N442
N435;N118
N53;N399
N100;N142
N435;N115
N210;N6
N69;N54
N439;N93
N418;N109
N444;N379
N249;N164
N252;N13
N116;N265
N409;N313
N382;N63
N338;N220
N85;N194
N254;N82
N174;N360
N161;N322
N298;N332
N127;N364
N53;N388
N422;N32
N318;N278
N207;N215
N397;N49
N267;N285
N271;N144
N269;N64
N10;N354
N195;N19
N360;N364
N237;N76
N350;N69
N291;N136
N435;N131
N109;N64
N26;N343
N240;N424
N258;N394
N488;N156
N229;N166
N488;N155
N90;N287
N156;N223
N7;N459
N249;N147
N26;N337
N367;N112
N200;N469
N163;N12
N218;N403
N347;N135
N447;N433
N220;N442
N73;N356
N165;N484
N382;N67
N350;N15
N193;N70
N393;N17
N46;N338
N458;N104
N162;N474
N291;N189
N366;N388
N298;N397
N177;N2
N56;N300
N370;N316
N230;N466
N190;N173
N48;N231
N439;N46
N405;N141
N28;N94
N426;N293
N86;N379
N378;N247
N480;N99
N378;N246
N150;N67
N137;N44
N452;N82
N217;N244
N428;N189
N109;N38
N257;N297
N329;N405
N448;N149
N263;N495
N413;N232
N102;N494
N370;N300
N172;N452
N124;N333
N124;N335
N159;N244
N350;N361
N345;N240
N61;N430
N53;N353
N104;N366
N324;N77
N137;N56
N415;N105
N310;N336
N207;N267
N109;N48
N319;N449
N237;N211
N72;N160
N9;N303
N172;N426
N297;N205
N265;N356
N180;N184
N108;N1
N430;N207
N322;N207
N315;N296
N275;N321
N481;N318
N426;N274
N333;N389
N150;N156
N84;N467
N120;N195
N436;N283
N73;N325
N209;N161
N38;N284
N438;N191
N86;N396
N116;N232
N320;N306
N106;N240
N46;N346
N127;N393
N335;N278
N150;N140
N140;N168
N298;N381
N451;N344
N190;N185
N124;N315
N84;N473
N63;N322
N446;N265
N367;N95
N425;N110
N160;N131
N182;N417
N312;N220
N257;N263
N237;N235
N84;N73
N310;N365
N428;N150
N348;N295
N463;N201
N310;N363
N438;N121
N193;N32
N335;N223
N398;N235
N139;N90
N398;N231
N280;N443
N174;N303
N149;N211
N13;N68
N31;N484
N471;N365
N182;N469
N252;N87
N302;N202
N157;N372
N63;N309
N46;N364
N458;N136
N403;N282
N106;N221
N36;N393
N2;N127
N358;N278
N327;N7
N250;N460
N383;N335
N4;N424
N53;N9
N165;N20
N405;N110
N468;N127
N134;N327
N378;N290
N252;N338
N252;N336
N360;N314
N395;N42
N68;N216
N345;N211
N426;N92
N189;N209
N456;N270
N129;N258
N330;N325
N129;N252
N290;N432
N21;N498
N61;N463
N350;N315
N367;N68
N317;N107
N41;N477
N13;N335
N285;N349
N325;N268
N114;N361
N217;N266
N207;N294
N380;N60
N300;N360
N28;N237
N395;N74
N187;N360
N134;N345
N134;N344
N267;N70
N106;N201
N167;N74
N180;N159
N28;N64
N305;N271
N167;N81
N167;N80
N193;N19
N13;N348
N91;N423
N31;N493
N172;N470
N13;N76
N441;N399
N23;N331
N257;N224
N212;N365
N76;N358
N247;N237
N457;N59
N276;N234
N178;N408
N109;N175
N213;N500
N30;N167
N328;N191
N466;N146
N344;N108
N214;N352
N259;N476
N385;N98
N241;N82
N160;N79
N209;N81
N160;N82
N80;N177
N319;N151
N313;N38
N480;N10
N144;N75
N276;N237
N315;N478
N500;N6
N187;N460
N25;N256
N50;N233
N105;N497
N474;N330
N184;N142
N151;N25
N462;N487
N296;N305
N469;N452
N469;N450
N332;N253
N398;N262
N146;N463
N433;N375
N475;N199
N121;N417
N382;N276
N138;N269
N313;N22
N425;N179
N87;N136
N180;N3
N25;N264
N151;N16
N397;N401
N369;N189
N113;N243
N198;N71
N95;N327
N466;N120
N74;N412
N486;N227
N397;N404
N445;N213
N142;N353
N434;N197
N332;N266
N437;N490
N419;N444
N167;N364
N149;N312
N357;N276
N392;N67
N121;N446
N247;N142
N3;N88
N232;N17
N369;N71
N401;N15
N265;N195
N454;N291
N128;N97
N180;N472
N420;N203
N74;N401
N376;N27
N457;N108
N376;N25
N235;N254
N480;N17
N21;N100
N64;N28
N392;N87
N311;N365
N469;N472
N369;N87
N171;N454
N315;N460
N404;N289
N143;N160
N328;N175
N486;N212
N365;N488
N113;N237
N62;N112
N394;N110
N48;N53
N473;N77
N306;N58
N469;N489
N434;N174
N99;N458
N175;N148
N196;N456
N491;N1
N74;N472
N385;N122
N160;N38
N160;N42
N128;N421
N235;N227
N128;N422
N12;N94
N246;N314
N454;N234
N483;N341
N281;N179
N158;N306
N36;N316
N328;N145
N152;N188
N195;N219
N471;N12
N98;N219
N57;N12
N162;N424
N445;N264
N129;N207
N57;N17
N437;N466
N152;N194
N137;N489
N348;N207
N348;N204
N370;N348
N74;N465
N137;N482
N10;N78
N62;N135
N247;N175
N189;N31
N381;N468
N358;N17
N234;N469
N5;N366
N328;N155
N187;N428
N48;N76
N8;N205
N303;N6
N494;N467
N445;N251
N403;N434
N205;N360
N348;N233
N230;N327
N464;N24
N239;N386
N3;N46
N128;N449
N135;N17
N210;N228
N323;N210
N171;N428
N281;N156
N117;N386
N91;N251
N397;N443
N304;N11
N215;N136
N134;N184
N193;N149
N390;N467
N155;N3
N306;N407
N288;N128
N16;N234
N16;N227
N247;N192
N20;N336
N428;N436
N239;N394
N199;N387
N36;N325
N216;N83
N358;N39
N341;N250
N352;N332
N57;N274
N231;N193
N186;N202
N341;N203
N75;N204
N79;N350
N145;N235
N243;N94
N269;N288
N390;N40
N340;N87
N480;N487
N493;N199
N246;N353
N296;N372
N243;N88
N401;N354
N297;N55
N183;N381
N8;N237
N320;N81
N20;N341
N395;N379
N384;N310
N465;N372
N379;N415
N213;N112
N105;N412
N49;N400
N223;N305
N476;N407
N387;N94
N434;N145
N156;N284
N372;N459
N296;N388
N286;N80
N390;N33
N372;N458
N338;N458
N24;N488
N80;N82
N272;N158
N153;N445
N296;N381
N304;N366
N236;N492
N221;N315
N422;N255
N389;N291
N121;N499
N272;N150
N24;N490
N490;N334
N397;N491
N470;N284
N442;N347
N491;N192
N71;N39
N37;N193
N279;N152
N156;N278
N465;N393
N490;N320
N390;N19
N428;N401
N55;N112
N493;N170
N68;N96
N128;N480
N349;N475
N8;N219
N442;N319
N70;N384
N294;N211
N487;N420
N424;N377
N352;N379
N128;N10
N273;N301
N133;N334
N338;N430
N156;N264
N50;N297
N30;N119
N449;N308
N475;N135
N10;N99
N454;N225
N100;N128
N361;N303
N228;N273
N421;N55
N65;N477
N492;N345
N181;N285
N487;N427
N349;N48
N168;N118
N266;N464
N140;N29
N214;N74
N225;N404
N166;N187
N166;N186
N462;N437
N251;N214
N315;N85
N73;N188
N241;N34
N73;N185
N135;N73
N55;N178
N82;N9
N201;N277
N226;N254
N326;N136
N49;N442
N228;N263
N299;N191
N168;N114
N495;N282
N444;N419
N168;N108
N469;N410
N349;N35
N128;N37
N233;N215
N238;N111
N383;N37
N161;N138
N50;N274
N419;N475
N30;N137
N477;N213
N30;N98
N419;N479
N320;N48
N251;N206
N130;N436
N136;N194
N117;N315
N315;N93
N125;N110
N419;N480
N358;N92
N306;N31
N262;N4
N218;N466
N492;N320
N231;N146
N442;N350
N50;N246
N105;N483
N143;N113
N32;N236
N128;N63
N59;N306
N277;N22
N110;N309
N284;N54
N153;N458
N246;N375
N59;N16
N491;N84
N123;N491
N389;N245
N178;N465
N198;N20
N452;N245
N123;N499
N50;N259
N369;N137
N427;N294
N359;N384
N49;N427
N424;N338
N414;N63
N75;N259
N390;N56
N158;N370
N55;N169
N402;N172
N162;N60
N39;N75
N155;N415
N450;N167
N421;N96
N198;N37
N409;N153
N133;N373
N178;N471
N194;N483
N409;N213
N383;N428
N317;N493
N127;N220
N311;N6
N286;N446
N190;N210
N208;N289
N451;N416
N200;N351
N325;N328
N354;N438
N52;N233
N346;N236
N31;N320
N253;N318
N135;N428
N198;N158
N402;N246
N249;N254
N402;N249
N473;N178
N187;N79
N410;N326
N314;N183
N120;N249
N93;N89
N295;N483
N330;N235
N411;N285
N62;N89
N407;N95
N169;N396
N302;N55
N250;N385
N396;N240
N447;N372
N186;N295
N191;N170
N60;N426
N194;N491
N136;N153
N165;N384
N459;N130
N93;N59
N283;N124
N283;N122
N438;N221
N11;N363
N383;N443
N17;N409
N333;N38
N346;N257
N23;N87
N77;N92
N351;N152
N208;N5
N89;N270
N286;N415
N44;N170
N119;N353
N43;N224
N190;N224
N289;N414
N334;N222
N440;N372
N30;N34
N124;N274
N245;N82
N418;N246
N26;N414
N418;N245
N304;N427
N317;N61
N205;N34
N317;N65
N317;N64
N289;N410
N68;N356
N94;N183
N249;N221
N452;N154
N119;N340
N338;N362
N165;N338
N286;N402
N11;N340
N275;N75
N299;N230
N267;N189
N396;N210
N304;N454
N243;N45
N452;N181
N136;N103
N387;N71
N15;N366
N44;N115
N375;N380
N133;N67
N107;N478
N18;N324
N313;N497
N198;N186
N488;N252
N200;N321
N415;N266
N251;N280
N77;N394
N330;N276
N218;N12
N301;N166
N346;N260
N112;N366
N430;N92
N484;N246
N458;N404
N43;N258
N360;N483
N213;N164
N395;N351
N88;N373
N364;N193
N161;N203
N253;N371
N40;N433
N318;N397
N204;N158
N91;N40
N282;N483
N296;N397
N198;N179
N253;N377
N393;N292
N336;N6
N455;N462
N136;N124
N371;N101
N48;N170
N17;N454
N342;N115
N133;N87
N342;N119
N442;N400
N216;N458
N88;N365
N260;N191
N258;N277
N459;N164
N145;N146
N40;N428
N324;N433
N185;N346
N148;N424
N198;N167
N119;N315
N275;N41
N24;N389
N24;N388
N10;N464
N89;N228
N304;N464
N172;N9
N131;N223
N473;N145
N489;N134
N442;N407
N346;N280
N387;N207
N61;N320
N245;N19
N435;N422
N203;N67
N61;N327
N140;N277
N253;N392
N343;N215
N56;N423
N5;N294
N378;N120
N343;N210
N154;N273
N59;N295
N496;N131
N104;N258
N398;N316
N195;N135
N378;N125
N9;N409
N15;N327
N419;N31
N475;N51
N260;N186
N220;N132
N389;N40
N255;N298
N371;N151
N317;N421
N389;N43
N393;N249
N317;N424
N367;N419
N151;N422
N343;N227
N451;N484
N114;N479
N13;N442
N350;N243
N357;N227
N398;N303
N486;N158
N347;N476
N468;N203
N119;N7
N310;N458
N207;N387
N152;N156
N6;N202
N458;N445
N9;N427
N51;N136
N104;N239
N106;N376
N159;N134
N205;N284
N440;N305
N260;N169
N461;N219
N475;N78
N432;N74
N210;N149
N41;N155
N448;N83
N456;N361
N96;N244
N458;N431
N335;N151
N194;N436
N416;N176
N416;N175
N232;N94
N389;N29
N471;N439
N164;N474
N104;N221
N87;N199
N84;N354
N377;N413
N300;N206
N280;N370
N263;N156
N310;N436
N368;N364
N284;N500
N244;N302
N229;N435
N270;N113
N390;N411
N351;N179
N214;N310
N164;N442
N343;N258
N240;N111
N257;N372
N353;N239
N21;N160
N58;N119
N285;N248
N305;N186
N481;N215
N147;N287
N101;N34
N257;N373
N63;N417
N310;N498
N119;N90
N71;N106
N306;N6
N486;N117
N461;N261
N129;N163
N249;N201
N302;N16
N173;N96
N197;N219
N260;N135
N436;N170
N302;N331
N162;N382
N7;N394
N142;N368
N187;N46
N307;N245
N489;N63
N190;N278
N466;N169
N358;N169
N389;N57
N42;N4
N383;N488
N466;N161
N461;N257
N2;N491
N232;N467
N433;N340
N260;N124
N142;N399
N360;N400
N2;N494
N265;N273
N162;N367
N170;N288
N288;N47
N388;N370
N389;N66
N418;N293
N62;N63
N383;N478
N489;N55
N159;N106
N18;N380
N149;N364
N240;N140
N169;N339
N431;N280
N77;N61
N20;N6
N476;N383
N242;N205
N81;N310
N179;N327
N212;N241
N373;N242
N183;N423
N179;N375
N443;N7
N210;N97
N412;N339
N288;N219
N239;N291
N361;N231
N243;N334
N2;N391
N240;N274
N243;N331
N172;N162
N66;N115
N210;N327
N315;N118
N471;N166
N158;N227
N33;N48
N206;N282
N201;N65
N89;N81
N458;N297
N21;N244
N259;N346
N385;N430
N332;N374
N239;N298
N210;N93
N457;N205
N404;N146
N166;N435
N175;N84
N166;N434
N498;N205
N491;N471
N381;N300
N449;N481
N41;N300
N178;N309
N344;N44
N344;N204
N469;N106
N180;N340
N448;N436
N178;N304
N437;N138
N386;N269
N99;N117
N236;N1
N37;N233
N353;N50
N454;N174
N114;N166
N138;N376
N159;N49
N202;N101
N121;N80
N404;N150
N130;N339
N99;N123
N300;N160
N71;N248
N394;N232
N78;N454
N209;N305
N214;N462
N66;N4
N487;N140
N319;N277
N209;N308
N20;N415
N385;N457
N166;N414
N362;N75
N33;N128
N122;N375
N114;N175
N114;N174
N226;N365
N365;N364
N281;N460
N492;N270
N95;N425
N27;N85
N108;N247
N390;N139
N92;N365
N166;N465
N290;N255
N162;N318
N235;N105
N487;N31
N71;N291
N339;N123
N215;N272
N436;N102
N374;N388
N243;N371
N130;N385
N263;N202
N450;N454
N117;N281
N394;N286
N352;N462
N33;N134
N279;N202
N25;N332
N279;N203
N210;N355
N344;N53
N137;N122
N466;N450
N95;N410
N195;N340
N498;N244
N175;N257
N353;N34
N290;N265
N408;N481
N357;N388
N361;N203
N1;N109
N5;N488
N401;N260
N181;N33
N381;N344
N450;N466
N297;N471
N495;N326
N8;N327
N5;N486
N400;N495
N352;N443
N196;N319
N181;N191
N327;N288
N226;N319
N25;N366
N181;N194
N98;N347
N321;N287
N400;N498
N201;N76
N303;N239
N350;N152
N6;N483
N239;N265
N164;N142
N201;N335
N264;N51
N150;N472
N8;N39
N399;N178
N128;N328
N117;N268
N63;N475
N272;N96
N463;N389
N248;N286
N137;N102
N323;N107
N270;N27
N79;N54
N285;N194
N108;N234
N290;N287
N164;N158
N18;N19
N63;N485
N377;N218
N122;N330
N399;N189
N425;N274
N341;N374
N386;N230
N369;N202
N183;N3
N452;N306
N249;N36
N213;N223
N122;N304
N408;N446
N183;N7
N452;N309
N390;N179
N135;N267
N85;N412
N359;N238
N256;N212
N354;N275
N389;N185
N439;N441
N79;N228
N349;N135
N246;N232
N422;N384
N60;N151
N171;N165
N490;N469
N289;N223
N168;N273
N407;N274
N228;N187
N389;N187
N93;N186
N234;N389
N376;N228
N314;N340
N337;N287
N440;N72
N487;N82
N480;N356
N211;N327
N24;N374
N51;N45
N221;N434
N87;N93
N181;N147
N408;N55
N176;N465
N304;N240
N417;N272
N257;N50
N427;N12
N82;N336
N327;N46
N133;N467
N419;N164
N77;N230
N30;N469
N258;N120
N100;N492
N24;N354
N211;N353
N251;N391
N246;N214
N51;N13
N262;N83
N171;N2
N382;N323
N65;N363
N52;N418
N449;N432
N52;N415
N266;N328
N185;N89
N163;N304
N344;N287
N376;N205
N106;N74
N183;N473
N82;N325
N434;N244
N165;N207
N321;N234
N321;N1
N482;N231
N398;N44
N77;N247
N193;N462
N316;N154
N229;N46
N171;N178
N128;N378
N65;N358
N490;N431
N91;N181
N344;N297
N177;N34
N1;N191
N417;N299
N233;N326
N273;N3
N113;N388
N70;N449
N203;N334
N256;N254
N193;N432
N37;N292
N427;N148
N419;N103
N354;N230
N135;N227
N27;N243
N382;N341
N362;N65
N261;N312
N412;N379
N117;N203
N65;N385
N440;N16
N355;N26
N331;N322
N384;N221
N120;N324
N498;N18
N434;N224
N208;N115
N434;N222
N178;N336
N93;N148
N221;N476
N146;N6
N485;N372
N27;N246
N52;N420
N447;N173
N492;N209
N19;N214
N163;N319
N304;N288
N171;N114
N106;N18
N434;N37
N51;N85
N327;N17
N65;N374
N128;N391
N223;N221
N276;N326
N85;N474
N324;N382
N308;N428
N223;N217
N208;N149
N341;N301
N149;N40
N442;N233
N163;N340
N120;N316
N249;N16
N105;N361
N472;N349
N238;N223
N251;N353
N106;N42
N485;N387
N372;N389
N23;N47
N289;N280
N261;N336
N370;N92
N198;N215
N27;N263
N44;N20
N349;N154
N47;N238
N318;N436
N155;N303
N18;N92
N284;N384
N120;N308
N251;N344
N359;N269
N362;N40
N369;N251
N188;N345
N211;N388
N216;N297
N23;N52
N364;N347
N171;N137
N246;N269
N229;N89
N419;N140
N42;N333
N133;N497
N213;N219
N5;N425
N173;N444
N487;N105
N331;N304
N344;N252
N171;N138
N52;N444
N14;N207
N168;N314
N359;N195
N89;N163
N233;N248
N308;N444
N108;N73
N22;N405
N108;N75
N464;N133
N161;N100
N112;N291
N464;N139
N423;N93
N174;N188
N27;N284
N70;N82
N363;N126
N236;N301
N313;N107
N283;N49
N262;N128
N14;N215
N85;N383
N360;N193
N262;N124
N308;N458
N317;N388
N23;N120
N44;N271
N378;N416
N198;N264
N485;N293
N182;N270
N488;N333
N148;N366
N369;N7
N112;N280
N111;N104
N230;N293
N72;N318
N402;N351
N463;N419
N70;N71
N47;N344
N460;N459
N402;N353
N241;N452
N89;N169
N481;N153
N212;N45
N194;N13
N283;N247
N88;N452
N286;N300
N88;N450
N11;N243
N124;N148
N93;N112
N132;N222
N212;N47
N56;N171
N326;N150
N73;N163
N198;N258
N395;N433
N38;N440
N123;N452
N162;N292
N144;N123
N39;N133
N14;N79
N93;N120
N216;N378
N438;N333
N89;N151
N245;N125
N224;N454
N6;N93
N438;N338
N414;N149
N467;N204
N453;N44
N376;N160
N32;N391
N310;N3
N455;N311
N204;N484
N165;N287
N144;N135
N144;N147
N15;N495
N170;N352
N119;N463
N136;N469
N145;N278
N258;N141
N224;N487
N414;N157
N43;N116
N393;N157
N325;N408
N11;N226
N325;N401
N292;N42
N278;N163
N295;N177
N176;N436
N112;N256
N176;N437
N481;N179
N278;N160
N15;N489
N266;N299
N414;N163
N258;N135
N26;N121
N292;N24
N148;N321
N253;N48
N396;N33
N423;N64
N211;N403
N301;N286
N44;N221
N421;N30
N242;N149
N283;N95
N306;N193
N107;N128
N189;N499
N112;N242
N64;N202
N329;N219
N119;N441
N238;N84
N17;N324
N283;N200
N481;N192
N88;N494
N362;N454
N310;N180
N333;N108
N170;N337
N213;N283
N440;N80
N351;N237
N393;N174
N322;N487
N274;N442
N145;N258
N262;N132
N497;N163
N107;N139
N360;N127
N371;N226
N242;N161
N216;N333
N342;N460
N119;N431
N242;N160
N23;N181
N123;N428
N238;N177
N145;N268
N35;N464
N488;N397
N424;N173
N211;N422
N325;N1
N107;N144
N51;N3
N322;N498
N326;N188
N97;N262
N125;N34
N118;N341
N125;N31
N460;N434
N17;N323
N249;N384
N27;N45
N365;N417
N53;N128
N152;N260
N63;N9
N11;N8
N483;N422
N4;N212
N483;N425
N58;N441
N16;N187
N69;N135
N433;N408
N121;N16
N307;N313
N450;N418
N333;N121
N138;N89
N217;N489
N300;N118
N26;N147
N154;N155
N131;N3
N323;N155
N415;N357
N244;N463
N86;N132
N280;N238
N109;N463
N413;N477
N53;N119
N255;N174
N366;N37
N206;N324
N109;N467
N4;N220
N127;N178
N214;N401
N27;N59
N280;N233
N394;N44
N154;N140
N350;N126
N69;N153
N31;N273
N243;N282
N117;N196
N302;N497
N323;N38
N152;N279
N381;N263
N260;N299
N200;N8
N484;N134
N153;N68
N116;N469
N270;N256
N494;N148
N383;N168
N255;N180
N483;N444
N227;N448
N288;N158
N222;N167
N97;N299
N494;N47
N267;N485
N138;N65
N98;N78
N242;N116
N192;N10
N98;N72
N136;N442
N210;N253
N220;N246
N297;N456
N264;N419
N255;N195
N253;N286
N46;N108
N230;N235
N206;N307
N403;N465
N356;N188
N219;N378
N59;N182
N294;N82
N381;N247
N394;N1
N323;N57
N157;N121
N209;N393
N36;N126
N415;N367
N466;N49
N86;N143
N209;N372
N78;N421
N219;N349
N235;N182
N223;N39
N109;N496
N237;N479
N157;N138
N235;N184
N137;N190
N235;N188
N421;N184
N453;N470
N458;N380
N222;N107
N351;N294
N453;N77
N182;N220
N31;N242
N454;N191
N425;N65
N410;N406
N220;N292
N7;N260
N365;N451
N237;N466
N363;N156
N458;N379
N64;N272
N438;N352
N275;N159
N177;N153
N335;N451
N259;N301
N496;N469
N177;N156
N154;N108
N182;N232
N343;N143
N139;N471
N147;N154
N312;N401
N307;N362
N204;N461
N468;N365
N310;N137
N46;N130
N350;N2
N347;N314
N398;N490
N61;N220
N366;N25
N345;N454
N484;N174
N48;N448
N190;N398
N383;N124
N78;N407
N443;N441
N327;N325
N51;N219
N267;N447
N9;N102
N225;N189
N2;N89
N169;N469
N222;N121
N338;N19
N15;N428
N28;N475
N441;N141
N68;N423
N468;N331
N229;N329
N421;N174
N474;N198
N89;N197
N265;N148
N36;N170
N227;N491
N151;N46
N210;N290
N209;N348
N335;N479
N219;N331
N26;N184
N411;N187
N212;N2
N9;N113
N212;N8
N325;N497
N275;N134
N169;N458
N13;N105
N2;N386
N68;N432
N83;N51
