N466;N384
N54;N379
N466;N140
N305;N2
N2;N61
N2;N62
N2;N271
N2;N64
N386;N2
N117;N126
N2;N278
N2;N276
N225;N2
N2;N275
N2;N272
N273;N176
N272;N2
N478;N2
N43;N2
N89;N2
N7;N2
N419;N2
N128;N72
N16;N203
N2;N50
N2;N282
N2;N54
N259;N2
N2;N55
N2;N56
N297;N150
N180;N2
N2;N287
N2;N288
N2;N285
N2;N286
N2;N283
N374;N2
N179;N473
N454;N2
N13;N140
N2;N292
N2;N40
N2;N290
N2;N291
N2;N42
N2;N43
N2;N44
N2;N47
N2;N49
N330;N97
N2;N295
N234;N200
N303;N164
N352;N2
N95;N316
N329;N2
N56;N33
N2;N34
N167;N352
N2;N35
N2;N37
N2;N38
N80;N380
N273;N140
N449;N140
N55;N2
N273;N376
N234;N214
N373;N416
N215;N2
N199;N358
N250;N2
N491;N2
N315;N2
N2;N22
N2;N23
N282;N2
N18;N2
N2;N28
N456;N301
N190;N2
N403;N446
N364;N2
N2;N11
N2;N12
N2;N15
N429;N2
N2;N16
N2;N17
N2;N18
N273;N121
N133;N2
N456;N313
N69;N116
N117;N145
N117;N387
N357;N471
N189;N2
N5;N156
N90;N2
N407;N2
N321;N399
N398;N2
N237;N2
N430;N2
N392;N44
N230;N314
N456;N322
N416;N373
N199;N140
N260;N2
N316;N95
N160;N2
N314;N230
N28;N2
N286;N2
N261;N239
N481;N2
N92;N2
N395;N140
N443;N193
N79;N341
N312;N62
N401;N80
N125;N2
N395;N388
N315;N57
N91;N284
N354;N2
N137;N2
N199;N32
N277;N62
N493;N2
N80;N2
N101;N2
N432;N107
N227;N2
N16;N2
N35;N2
N92;N436
N258;N237
N159;N2
N3;N273
N9;N2
N182;N2
N296;N125
N121;N273
N282;N396
N366;N2
N140;N27
N135;N2
N140;N26
N129;N88
N391;N2
N229;N2
N20;N140
N168;N352
N462;N2
N140;N14
N140;N13
N415;N2
N140;N500
N230;N2
N344;N2
N47;N2
N221;N118
N341;N79
N262;N2
N128;N39
N140;N20
N352;N168
N217;N2
N378;N2
N29;N110
N17;N293
N147;N2
N70;N103
N27;N140
N352;N167
N483;N2
N14;N6
N208;N255
N208;N496
N66;N54
N62;N312
N199;N70
N427;N2
N169;N2
N473;N179
N266;N387
N2;N4
N2;N7
N2;N5
N116;N69
N2;N9
N205;N62
N341;N48
N60;N431
N311;N2
N37;N2
N128;N188
N484;N2
N213;N199
N313;N456
N44;N392
N105;N2
N381;N2
N399;N321
N162;N2
N36;N29
N290;N2
N368;N2
N140;N451
N49;N2
N198;N2
N208;N2
N97;N330
N426;N2
N94;N2
N431;N497
N337;N469
N140;N2
N140;N1
N140;N449
N117;N2
N346;N2
N308;N112
N140;N443
N75;N26
N443;N139
N253;N2
N460;N117
N18;N339
N448;N2
N221;N2
N242;N492
N443;N140
N324;N2
N96;N2
N50;N2
N150;N2
N376;N273
N269;N494
N2;N407
N12;N2
N2;N408
N184;N2
N2;N406
N2;N403
N115;N2
N2;N402
N140;N226
N287;N2
N140;N466
N218;N15
N203;N16
N80;N401
N52;N261
N371;N2
N2;N400
N125;N195
N14;N140
N2;N419
N265;N2
N2;N415
N2;N412
N2;N413
N458;N2
N2;N410
N315;N25
N371;N343
N2;N429
N2;N427
N243;N2
N2;N425
N2;N426
N62;N2
N88;N129
N308;N2
N70;N199
N172;N2
N418;N443
N118;N221
N402;N2
N127;N2
N2;N421
N486;N2
N2;N438
N2;N437
N2;N434
N46;N17
N2;N435
N292;N2
N19;N41
N40;N2
N86;N2
N140;N273
N2;N433
N2;N430
N2;N209
N2;N207
N6;N453
N2;N208
N358;N199
N2;N206
N2;N448
N2;N445
N2;N204
N142;N2
N204;N309
N22;N2
N140;N261
N498;N2
N119;N2
N400;N2
N2;N201
N103;N70
N2;N444
N2;N441
N126;N117
N412;N2
N2;N458
N2;N216
N216;N424
N2;N217
N2;N459
N2;N456
N2;N215
N2;N457
N494;N269
N4;N2
N361;N2
N117;N10
N326;N2
N91;N83
N233;N2
N97;N173
N28;N393
N2;N454
N2;N455
N2;N210
N2;N229
N434;N2
N2;N227
N2;N469
N2;N228
N2;N467
N2;N225
N473;N106
N25;N315
N383;N2
N476;N2
N195;N125
N2;N223
N2;N224
N2;N221
N2;N463
N2;N461
N318;N2
N2;N462
N2;N220
N54;N174
N164;N2
N2;N238
N2;N236
N2;N478
N267;N2
N2;N237
N410;N2
N232;N443
N456;N2
N431;N60
N338;N2
N235;N2
N150;N297
N2;N234
N2;N476
N2;N235
N2;N233
N2;N475
N423;N117
N2;N230
N2;N472
N2;N473
N2;N470
N2;N489
N388;N395
N306;N2
N64;N2
N2;N480
N385;N2
N173;N97
N396;N282
N2;N487
N2;N246
N129;N2
N2;N488
N2;N485
N488;N2
N2;N243
N2;N486
N2;N244
N2;N483
N2;N241
N2;N484
N2;N242
N2;N481
N2;N482
N2;N259
N42;N2
N2;N490
N2;N491
N152;N2
N2;N256
N2;N498
N2;N499
N2;N257
N2;N497
N310;N469
N223;N2
N2;N494
N2;N253
N2;N250
N2;N493
N186;N2
N107;N2
N48;N341
N2;N260
N257;N2
N2;N267
N404;N91
N130;N2
N147;N298
N2;N265
N373;N2
N444;N2
N76;N2
N2;N262
N201;N2
N328;N2
N206;N270
N408;N2
N247;N28
N2;N159
N214;N234
N382;N140
N62;N205
N2;N391
N2;N150
N363;N2
N2;N390
N122;N2
N17;N46
N450;N497
N54;N2
N2;N158
N255;N208
N2;N398
N489;N2
N28;N212
N320;N494
N2;N152
N421;N394
N375;N2
N469;N337
N490;N2
N2;N160
N2;N161
N283;N2
N134;N249
N2;N169
N2;N166
N62;N211
N2;N164
N2;N162
N2;N163
N316;N2
N33;N56
N199;N213
N236;N2
N191;N2
N202;N80
N341;N2
N2;N171
N2;N172
N156;N5
N117;N460
N2;N177
N2;N175
N304;N2
N295;N2
N134;N2
N2;N182
N2;N183
N2;N180
N2;N181
N199;N464
N57;N315
N495;N344
N2;N189
N2;N186
N2;N187
N2;N184
N2;N185
N353;N2
N238;N2
N403;N336
N44;N2
N2;N191
N2;N190
N174;N54
N494;N320
N2;N197
N2;N198
N74;N107
N109;N2
N261;N140
N100;N2
N453;N6
N78;N2
N480;N2
N91;N2
N271;N2
N110;N29
N365;N2
N239;N261
N441;N2
N166;N2
N56;N2
N204;N2
N41;N19
N78;N254
N387;N8
N26;N75
N211;N62
N62;N277
N17;N2
N331;N2
N183;N2
N34;N2
N43;N397
N145;N117
N107;N432
N136;N2
N77;N228
N165;N421
N1;N140
N145;N120
N81;N2
N80;N202
N228;N2
N389;N2
N492;N242
N463;N2
N497;N431
N114;N2
N229;N31
N171;N2
N275;N2
N336;N403
N204;N192
N355;N2
N452;N321
N377;N2
N112;N308
N6;N14
N321;N2
N216;N2
N148;N2
N406;N2
N261;N52
N482;N2
N443;N71
N113;N144
N158;N2
N43;N196
N273;N3
N176;N273
N113;N387
N206;N2
N367;N2
N282;N24
N321;N452
N387;N266
N193;N443
N188;N128
N494;N2
N500;N140
N226;N140
N146;N2
N15;N2
N241;N2
N384;N466
N394;N421
N345;N2
N301;N456
N117;N423
N436;N92
N181;N2
N461;N2
N469;N310
N300;N2
N424;N216
N438;N2
N472;N2
N102;N2
N390;N2
N8;N387
N285;N2
N123;N140
N497;N450
N107;N74
N5;N21
N344;N495
N116;N2
N200;N234
N212;N28
N177;N124
N437;N2
N249;N134
N139;N443
N357;N2
N220;N2
N170;N140
N14;N53
N163;N2
N270;N206
N369;N2
N443;N232
N284;N91
N124;N177
N323;N2
N207;N2
N446;N403
N177;N356
N425;N2
N93;N109
N144;N113
N5;N41
N185;N2
N61;N2
N68;N15
N242;N2
N387;N113
N109;N93
N339;N18
N473;N2
N403;N2
N128;N2
N363;N347
N31;N229
N387;N117
N228;N77
N459;N2
N153;N140
N496;N208
N53;N14
N379;N54
N278;N2
N38;N2
N39;N128
N335;N2
N28;N29
N244;N2
N485;N2
N73;N2
N85;N2
N54;N66
N443;N274
N210;N2
N276;N2
N435;N2
N29;N36
N32;N199
N104;N2
N288;N2
N470;N2
N72;N128
N23;N2
N254;N78
N497;N2
N274;N443
N24;N282
N397;N43
N370;N2
N10;N117
N359;N2
N161;N2
N2;N308
N120;N145
N2;N306
N2;N307
N2;N304
N413;N2
N2;N305
N138;N2
N140;N123
N268;N18
N29;N28
N325;N2
N15;N68
N125;N296
N209;N2
N2;N300
N395;N245
N469;N2
N196;N43
N11;N2
N2;N319
N2;N318
N82;N28
N2;N315
N2;N316
N177;N2
N475;N2
N356;N177
N140;N153
N140;N395
N347;N363
N28;N294
N2;N311
N319;N2
N2;N328
N2;N329
N2;N326
N2;N327
N2;N324
N2;N325
N28;N82
N360;N2
N457;N2
N140;N382
N234;N2
N2;N323
N2;N321
N349;N2
N108;N2
N2;N338
N2;N335
N307;N2
N256;N2
N140;N170
N2;N331
N487;N2
N445;N2
N2;N108
N2;N109
N393;N28
N41;N5
N309;N204
N2;N107
N2;N349
N2;N346
N2;N104
N2;N105
N26;N140
N322;N456
N97;N2
N443;N418
N298;N147
N2;N344
N2;N102
N2;N345
N15;N218
N2;N100
N83;N91
N2;N101
N2;N341
N28;N247
N2;N119
N433;N2
N106;N473
N2;N117
N2;N359
N141;N2
N2;N115
N2;N357
N2;N116
N245;N395
N140;N199
N380;N80
N499;N2
N21;N5
N343;N371
N2;N355
N2;N114
N2;N353
N2;N354
N187;N2
N2;N352
N2;N350
N327;N2
N2;N128
N2;N129
N2;N368
N2;N127
N2;N369
N91;N404
N2;N94
N2;N96
N2;N97
N99;N2
N421;N2
N2;N99
N2;N366
N2;N125
N2;N367
N2;N364
N2;N122
N224;N2
N2;N365
N2;N362
N2;N363
N467;N2
N2;N360
N2;N361
N350;N2
N421;N165
N246;N2
N2;N137
N237;N258
N2;N138
N164;N303
N2;N90
N464;N199
N2;N91
N2;N92
N294;N28
N2;N370
N2;N85
N175;N2
N2;N86
N2;N87
N2;N89
N2;N135
N2;N377
N2;N378
N2;N136
N2;N133
N2;N375
N2;N134
N2;N373
N2;N374
N293;N17
N2;N371
N2;N130
N71;N443
N18;N268
N2;N148
N291;N2
N5;N2
N87;N2
N2;N80
N362;N2
N2;N81
N455;N2
N197;N2
N2;N73
N2;N381
N2;N76
N2;N78
N451;N140
N2;N146
N2;N147
N2;N389
N2;N386
N2;N142
N471;N357
N2;N385
N192;N204
N2;N140
N2;N141
N2;N383
