N54;N133
N466;N384
N21;N359
N49;N62
N20;N500
N117;N126
N117;N120
N134;N362
N232;N193
N29;N167
N101;N127
N43;N3
N259;N8
N2;N56
N402;N41
N2;N288
N12;N311
N113;N482
N5;N119
N327;N126
N364;N433
N62;N345
N13;N138
N234;N200
N5;N108
N28;N318
N359;N21
N329;N2
N56;N33
N2;N34
N55;N4
N224;N29
N233;N43
N365;N246
N80;N380
N6;N388
N373;N416
N235;N467
N146;N274
N2;N23
N478;N282
N1;N461
N197;N54
N472;N62
N323;N80
N215;N385
N368;N101
N273;N121
N285;N23
N464;N6
N136;N20
N1;N451
N8;N410
N357;N471
N5;N156
N321;N399
N416;N373
N458;N23
N41;N402
N49;N270
N260;N1
N223;N161
N199;N145
N316;N95
N390;N295
N412;N298
N141;N21
N100;N357
N144;N189
N312;N62
N80;N323
N47;N160
N400;N55
N199;N32
N271;N100
N227;N2
N32;N426
N35;N1
N183;N112
N296;N125
N1;N484
N121;N273
N366;N4
N20;N136
N301;N313
N129;N88
N449;N14
N391;N52
N12;N362
N413;N43
N415;N2
N26;N6
N301;N322
N47;N5
N221;N118
N170;N3
N83;N284
N170;N9
N480;N266
N29;N110
N278;N69
N62;N306
N17;N293
N70;N103
N20;N164
N47;N114
N352;N167
N216;N179
N14;N6
N19;N349
N62;N312
N153;N226
N161;N23
N384;N153
N2;N4
N112;N172
N186;N41
N116;N69
N341;N48
N128;N188
N484;N1
N60;N3
N262;N488
N429;N31
N44;N392
N399;N321
N309;N192
N162;N2
N36;N29
N38;N71
N460;N126
N237;N169
N117;N8
N337;N469
N270;N305
N159;N301
N93;N486
N346;N4
N14;N361
N397;N196
N448;N2
N20;N16
N242;N492
N476;N62
N100;N271
N185;N112
N96;N1
N93;N421
N80;N401
N92;N50
N338;N103
N24;N158
N446;N336
N282;N245
N20;N31
N371;N343
N15;N148
N243;N1
N88;N129
N6;N464
N343;N456
N318;N28
N20;N52
N31;N20
N6;N453
N4;N346
N22;N1
N274;N71
N126;N117
N6;N444
N53;N225
N412;N5
N102;N28
N4;N355
N326;N4
N69;N278
N48;N376
N97;N173
N28;N393
N381;N112
N226;N407
N2;N227
N10;N8
N4;N366
N54;N174
N6;N1
N431;N60
N150;N297
N255;N496
N179;N106
N54;N197
N43;N413
N250;N117
N445;N14
N272;N14
N245;N282
N74;N166
N172;N112
N4;N326
N48;N341
N112;N183
N444;N6
N130;N1
N404;N91
N61;N33
N76;N29
N90;N80
N139;N376
N112;N185
N23;N458
N2;N262
N158;N24
N483;N266
N324;N167
N62;N205
N182;N17
N345;N62
N105;N91
N17;N46
N202;N4
N117;N485
N430;N180
N421;N394
N469;N337
N490;N2
N283;N5
N399;N23
N17;N182
N134;N249
N1;N309
N62;N211
N2;N162
N202;N80
N88;N5
N2;N171
N408;N270
N125;N421
N156;N5
N5;N236
N62;N221
N239;N18
N320;N269
N295;N4
N238;N418
N385;N215
N167;N29
N426;N32
N403;N336
N97;N52
N5;N257
N174;N54
N494;N320
N74;N107
N354;N81
N337;N39
N100;N2
N453;N6
N497;N60
N106;N179
N69;N475
N50;N92
N56;N2
N41;N19
N78;N254
N387;N8
N26;N75
N211;N62
N226;N1
N62;N277
N32;N70
N193;N232
N286;N165
N148;N15
N8;N117
N107;N432
N165;N421
N86;N54
N1;N382
N406;N205
N145;N120
N374;N117
N80;N202
N375;N172
N70;N255
N1;N377
N336;N403
N204;N192
N355;N4
N78;N297
N54;N427
N485;N117
N17;N122
N261;N52
N313;N301
N113;N144
N394;N441
N17;N85
N282;N24
N39;N337
N435;N62
N361;N14
N321;N452
N470;N123
N3;N376
N3;N370
N188;N128
N184;N55
N156;N41
N70;N213
N80;N241
N499;N55
N328;N54
N384;N466
N394;N421
N416;N5
N117;N423
N226;N153
N80;N230
N336;N446
N205;N406
N469;N310
N32;N106
N52;N97
N266;N113
N497;N450
N107;N74
N5;N21
N461;N1
N344;N495
N100;N191
N14;N449
N14;N445
N284;N83
N254;N4
N249;N134
N418;N139
N366;N307
N100;N187
N5;N47
N213;N70
N18;N239
N266;N8
N291;N54
N120;N117
N13;N1
N109;N93
N339;N18
N295;N390
N363;N347
N228;N77
N1;N6
N489;N291
N335;N6
N28;N29
N48;N275
N367;N103
N85;N1
N54;N66
N443;N274
N64;N438
N270;N408
N53;N398
N5;N88
N52;N142
N23;N399
N454;N20
N52;N20
N46;N319
N32;N199
N493;N48
N72;N128
N254;N78
N31;N429
N120;N145
N43;N389
N54;N86
N15;N62
N15;N68
N395;N245
N455;N112
N496;N255
N28;N294
N1;N96
N6;N335
N467;N56
N357;N100
N378;N255
N287;N206
N244;N205
N1;N85
N108;N5
N23;N300
N172;N437
N393;N28
N164;N350
N137;N33
N2;N100
N15;N218
N28;N247
N310;N360
N245;N395
N258;N4
N380;N80
N21;N5
N481;N338
N343;N371
N179;N216
N463;N204
N122;N17
N491;N312
N255;N378
N169;N237
N214;N200
N91;N404
N174;N316
N247;N212
N360;N310
N237;N258
N164;N303
N92;N181
N56;N89
N293;N17
N1;N35
N18;N268
N124;N356
N4;N446
N305;N270
N239;N52
N441;N394
N471;N357
N1;N20
N73;N62
N1;N22
N54;N379
N403;N83
N1;N27
N241;N80
N433;N364
N48;N23
N163;N245
N1;N13
N105;N498
N101;N368
N376;N48
N7;N4
N128;N72
N16;N203
N297;N150
N180;N1
N5;N325
N28;N102
N306;N62
N5;N353
N386;N381
N225;N53
N303;N164
N95;N316
N123;N6
N6;N152
N498;N105
N167;N352
N41;N201
N376;N3
N369;N52
N3;N60
N25;N212
N54;N328
N1;N220
N160;N47
N364;N2
N1;N226
N209;N32
N48;N79
N142;N52
N6;N123
N69;N116
N167;N324
N69;N115
N500;N20
N297;N78
N1;N217
N3;N43
N180;N430
N392;N44
N230;N314
N456;N322
N27;N304
N1;N207
N3;N37
N117;N374
N304;N27
N358;N32
N191;N100
N314;N230
N28;N4
N1;N276
N80;N94
N112;N455
N443;N193
N32;N209
N1;N260
N1;N265
N401;N80
N80;N90
N246;N365
N395;N388
N215;N107
N315;N57
N82;N212
N362;N134
N71;N38
N464;N70
N277;N62
N388;N6
N1;N256
N69;N4
N432;N107
N92;N436
N258;N237
N3;N273
N214;N46
N1;N243
N269;N278
N156;N267
N282;N396
N482;N113
N311;N12
N133;N54
N168;N167
N113;N266
N135;N80
N55;N184
N80;N135
N274;N146
N123;N470
N462;N2
N315;N92
N262;N2
N128;N39
N402;N159
N217;N1
N266;N483
N266;N480
N457;N70
N198;N28
N8;N259
N60;N497
N344;N120
N208;N255
N24;N425
N66;N54
N8;N266
N421;N93
N349;N19
N62;N93
N119;N383
N145;N199
N161;N223
N60;N431
N52;N239
N205;N62
N37;N3
N486;N93
N93;N55
N82;N292
N298;N412
N418;N238
N140;N1
N103;N367
N308;N112
N93;N62
N75;N26
N443;N139
N112;N381
N18;N339
N37;N44
N81;N354
N115;N69
N43;N233
N23;N290
N488;N262
N301;N159
N103;N338
N459;N28
N189;N144
N23;N285
N12;N4
N218;N15
N203;N16
N52;N261
N41;N186
N300;N23
N125;N195
N46;N40
N2;N415
N265;N1
N291;N489
N278;N269
N315;N25
N28;N198
N275;N48
N282;N478
N118;N221
N2;N438
N46;N214
N46;N17
N19;N41
N62;N15
N48;N104
N322;N301
N347;N72
N2;N448
N389;N43
N456;N343
N56;N434
N5;N283
N267;N156
N83;N403
N446;N4
N119;N5
N103;N70
N381;N386
N126;N327
N19;N23
N216;N424
N4;N2
N91;N83
N4;N7
N41;N156
N319;N46
N25;N315
N473;N106
N195;N125
N475;N69
N176;N3
N2;N462
N56;N467
N410;N8
N423;N117
N172;N375
N388;N395
N230;N80
N62;N49
N396;N282
N173;N97
N192;N309
N62;N73
N42;N4
N62;N77
N152;N6
N2;N490
N331;N72
N33;N432
N310;N469
N21;N141
N257;N5
N20;N1
N77;N62
N212;N246
N23;N210
N212;N247
N147;N298
N101;N23
N18;N81
N206;N270
N247;N28
N112;N56
N8;N10
N450;N497
N255;N208
N54;N4
N425;N24
N320;N494
N28;N459
N206;N287
N187;N100
N487;N15
N33;N56
N421;N125
N236;N5
N100;N419
N201;N41
N190;N33
N434;N56
N62;N476
N91;N105
N62;N472
N57;N315
N495;N344
N33;N61
N492;N272
N79;N48
N312;N491
N9;N170
N33;N137
N255;N70
N353;N5
N89;N56
N350;N164
N316;N174
N356;N124
N407;N226
N427;N54
N205;N244
N71;N274
N110;N29
N215;N253
N432;N33
N104;N48
N210;N23
N272;N492
N20;N454
N117;N250
N34;N2
N55;N499
N3;N176
N77;N228
N270;N49
N33;N190
N1;N140
N3;N170
N362;N12
N114;N47
N492;N242
N6;N26
N85;N17
N398;N53
N1;N130
N246;N212
N229;N31
N171;N2
N107;N215
N452;N321
N92;N315
N112;N308
N23;N19
N6;N14
N377;N1
N27;N1
N451;N1
N5;N416
N273;N3
N43;N196
N419;N100
N467;N235
N5;N412
N1;N180
N193;N443
N70;N457
N39;N108
N87;N55
N94;N80
N32;N358
N23;N48
N1;N175
N196;N397
N437;N172
N70;N464
N436;N92
N16;N20
N424;N216
N44;N37
N29;N224
N438;N2
N106;N32
N8;N387
N62;N435
N4;N295
N200;N234
N127;N101
N124;N164
N177;N124
N221;N62
N269;N320
N212;N25
N292;N82
N139;N443
N173;N330
N220;N1
N14;N53
N270;N206
N159;N402
N124;N177
N207;N1
N138;N13
N93;N109
N144;N113
N68;N15
N29;N76
N4;N12
N4;N11
N253;N215
N31;N229
N120;N344
N4;N28
N72;N331
N379;N54
N53;N14
N290;N23
N153;N384
N55;N400
N52;N369
N165;N286
N39;N128
N338;N481
N382;N1
N4;N254
N4;N258
N309;N1
N72;N347
N108;N39
N15;N487
N55;N93
N23;N161
N4;N42
N52;N391
N276;N1
N376;N140
N70;N32
N376;N139
N212;N82
N29;N36
N288;N2
N4;N54
N4;N55
N140;N376
N23;N2
N274;N443
N200;N214
N24;N282
N438;N64
N14;N272
N370;N3
N139;N418
N4;N69
N325;N5
N29;N28
N268;N18
N330;N173
N125;N296
N196;N43
N11;N4
N164;N124
N347;N363
N2;N329
N164;N20
N48;N493
N256;N1
N166;N74
N126;N460
N322;N456
N181;N92
N298;N147
N55;N87
N83;N91
N106;N473
N81;N18
N56;N112
N204;N463
N99;N2
N2;N99
N2;N364
N54;N291
N307;N366
N421;N165
N175;N1
N294;N28
N40;N46
N167;N168
N23;N101
N383;N119
N4;N202
N245;N163
N192;N204
