N29;N170
N1;N24
N1;N25
N1;N23
N1;N28
N78;N107
N1;N29
N311;N452
N1;N26
N8;N14
N1;N27
N199;N318
N166;N307
N279;N419
N279;N418
N279;N415
N263;N404
N279;N414
N279;N417
N279;N416
N155;N274
N10;N39
N54;N129
N238;N312
N238;N313
N58;N155
N377;N474
N2;N54
N95;N207
N256;N392
N256;N393
N256;N391
N256;N396
N256;N397
N256;N394
N314;N411
N256;N395
N267;N408
N172;N269
N280;N421
N315;N456
N99;N240
N178;N319
N235;N370
N235;N372
N279;N420
N235;N371
N155;N296
N235;N374
N235;N373
N359;N500
N78;N219
N235;N376
N235;N375
N58;N133
N10;N16
N306;N446
N377;N496
N306;N447
N199;N340
N2;N31
N143;N284
N3;N78
N223;N364
N25;N166
N6;N146
N6;N147
N6;N145
N179;N298
N314;N433
N99;N218
N340;N481
N235;N347
N235;N346
N1;N115
N235;N349
N235;N348
N1;N117
N1;N116
N195;N336
N218;N293
N39;N22
N1;N119
N1;N118
N10;N85
N339;N480
N244;N385
N315;N434
N341;N482
N78;N153
N370;N464
N8;N60
N370;N463
N234;N345
N370;N462
N370;N461
N370;N467
N98;N217
N235;N350
N129;N204
N370;N466
N11;N63
N370;N465
N235;N352
N235;N351
N235;N354
N235;N353
N58;N199
N151;N226
N146;N265
N146;N264
N3;N55
N370;N460
N6;N124
N6;N125
N6;N123
N314;N455
N8;N37
N235;N323
N235;N322
N235;N325
N235;N324
N235;N327
N235;N326
N235;N329
N235;N328
N239;N380
N10;N62
N260;N400
N260;N401
N315;N412
N78;N130
N266;N407
N370;N486
N370;N485
N370;N484
N370;N483
N126;N267
N370;N489
N98;N239
N11;N86
N370;N488
N155;N252
N370;N487
N235;N330
N219;N294
N54;N106
N235;N332
N235;N331
N58;N177
N151;N203
N146;N243
N146;N242
N150;N225
N117;N258
N117;N257
N163;N299
N7;N13
N3;N32
N234;N369
N312;N387
N284;N425
N78;N15
N283;N424
N98;N127
N170;N311
N167;N308
N121;N262
N39;N68
N376;N472
N376;N473
N78;N197
N238;N290
N82;N223
N38;N21
N165;N306
N165;N305
N1;N140
N1;N142
N1;N141
N374;N470
N374;N471
N107;N90
N153;N205
N7;N36
N81;N178
N3;N144
N283;N402
N176;N251
N372;N468
N372;N469
N39;N45
N1;N139
N98;N150
N1;N138
N163;N301
N163;N300
N163;N303
N163;N302
N78;N175
N163;N304
N241;N382
N6;N10
N6;N11
N6;N12
N8;N83
N82;N201
N238;N377
N1;N120
N238;N378
N238;N379
N303;N443
N374;N492
N303;N444
N374;N493
N248;N367
N146;N287
N146;N286
N7;N59
N268;N343
N178;N275
N3;N122
N176;N273
N7;N82
N98;N173
N83;N158
N12;N109
N60;N112
N107;N67
N318;N459
N316;N457
N6;N33
N6;N34
N6;N35
N39;N114
N313;N410
N238;N355
N288;N429
N238;N356
N314;N389
N238;N357
N39;N91
N148;N289
N151;N180
N301;N441
N372;N491
N35;N176
N301;N442
N372;N490
N97;N209
N97;N208
N223;N342
N336;N477
N3;N100
N12;N131
N379;N476
N176;N295
N108;N183
N221;N362
N221;N361
N196;N271
N198;N339
N98;N195
N173;N314
N60;N135
N6;N56
N6;N57
N6;N58
N238;N333
N216;N291
N95;N230
N238;N334
N95;N231
N238;N335
N80;N221
N153;N228
N80;N220
N281;N422
N379;N498
N308;N449
N119;N260
N233;N368
N14;N66
N153;N272
N6;N80
N6;N81
N269;N321
N85;N137
N97;N235
N2;N8
N97;N234
N97;N233
N97;N232
N282;N423
N7;N104
N97;N238
N107;N159
N97;N237
N81;N222
N97;N236
N265;N405
N265;N406
N6;N79
N219;N316
N168;N309
N313;N454
N119;N259
N35;N132
N13;N19
N82;N179
N216;N268
N14;N89
N13;N42
N127;N202
N153;N250
N97;N213
N97;N212
N97;N211
N97;N210
N7;N126
N132;N229
N115;N256
N85;N160
N115;N255
N107;N44
N115;N254
N144;N241
N115;N253
N97;N216
N97;N215
N97;N214
N358;N499
N313;N432
N1;N2
N1;N3
N1;N6
N1;N7
N1;N4
N1;N5
N35;N154
N107;N182
N173;N248
N57;N198
N11;N108
N82;N157
N14;N20
N313;N388
N337;N478
N59;N134
N176;N317
N144;N263
N107;N113
N294;N435
N97;N172
N97;N171
N3;N9
N304;N445
N77;N152
N178;N297
N289;N430
N173;N270
N14;N43
N291;N366
N313;N365
N269;N344
N24;N163
N24;N162
N24;N165
N174;N249
N24;N164
N24;N161
N144;N285
N376;N494
N376;N495
N107;N136
N294;N413
N258;N398
N258;N399
N109;N206
N299;N440
N35;N110
N97;N149
N81;N156
N6;N102
N6;N103
N6;N101
N309;N450
N173;N292
N240;N315
N299;N437
N140;N279
N140;N277
N140;N278
N299;N438
N140;N276
N299;N439
N147;N244
N312;N453
N11;N17
N1;N97
N1;N98
N1;N95
N142;N282
N36;N111
N1;N96
N142;N283
N262;N403
N310;N451
N169;N310
N378;N497
N307;N448
N104;N245
N12;N64
N360;N479
N78;N38
N78;N61
N219;N360
N76;N151
N240;N337
N295;N436
N129;N181
N285;N426
N147;N266
N1;N93
N1;N94
N1;N92
N1;N75
N11;N40
N1;N76
N1;N73
N1;N74
N97;N194
N97;N193
N97;N192
N97;N191
N97;N190
N378;N475
N97;N189
N97;N188
N97;N187
N140;N280
N97;N186
N140;N281
N217;N358
N97;N185
N12;N87
N97;N184
N28;N167
N28;N168
N28;N169
N1;N69
N78;N84
N240;N359
N317;N458
N172;N247
N12;N18
N172;N246
N7;N148
N315;N390
N13;N65
N222;N341
N152;N227
N147;N288
N1;N71
N1;N72
N1;N70
N76;N128
N1;N53
N312;N409
N1;N51
N1;N52
N245;N386
N2;N99
N2;N121
N99;N196
N1;N46
N1;N47
N1;N48
N1;N49
N172;N224
N13;N88
N222;N363
N312;N431
N1;N50
N76;N105
N81;N200
N1;N30
N142;N261
N219;N338
N179;N320
N12;N41
N240;N381
N2;N77
N287;N428
N2;N143
N99;N174
N265;N383
N265;N384
N287;N427
