N255;N201
N95;N224
N255;N29
N172;N288
N256;N63
N159;N62
N17;N44
N198;N48
N202;N123
N287;N44
N75;N172
N198;N44
N293;N106
N209;N200
N143;N46
N21;N246
N241;N94
N180;N258
N143;N44
N127;N44
N241;N89
N81;N44
N256;N76
N66;N108
N202;N234
N33;N44
N255;N44
N280;N44
N25;N167
N78;N202
N113;N246
N272;N44
N71;N232
N99;N236
N172;N144
N172;N145
N179;N5
N134;N19
N182;N44
N243;N238
N73;N44
N286;N22
N56;N45
N83;N134
N175;N96
N202;N78
N135;N57
N234;N202
N129;N224
N41;N44
N259;N202
N172;N275
N42;N132
N192;N243
N202;N88
N216;N44
N17;N12
N33;N125
N233;N44
N5;N220
N126;N38
N203;N172
N95;N44
N22;N286
N296;N58
N136;N44
N44;N8
N152;N180
N167;N25
N79;N44
N92;N240
N214;N156
N44;N4
N215;N274
N42;N189
N26;N44
N63;N256
N246;N15
N189;N42
N18;N44
N246;N11
N209;N44
N137;N119
N168;N66
N103;N44
N95;N30
N296;N44
N27;N95
N232;N274
N151;N220
N206;N246
N8;N69
N246;N206
N232;N71
N246;N28
N286;N31
N38;N170
N240;N92
N34;N279
N246;N25
N246;N21
N184;N226
N106;N293
N25;N246
N96;N175
N6;N243
N57;N44
N247;N44
N279;N34
N98;N220
N158;N44
N193;N95
N264;N220
N223;N294
N50;N96
N138;N211
N76;N186
N181;N44
N95;N27
N168;N44
N257;N198
N74;N44
N104;N44
N121;N44
N54;N224
N65;N95
N9;N198
N58;N296
N10;N59
N8;N44
N96;N52
N281;N44
N42;N44
N62;N159
N188;N183
N268;N148
N80;N180
N96;N50
N285;N44
N22;N248
N43;N44
N86;N44
N246;N113
N246;N230
N44;N85
N44;N86
N44;N87
N44;N81
N220;N98
N44;N82
N44;N84
N99;N300
N43;N166
N282;N66
N251;N245
N43;N51
N44;N90
N44;N91
N226;N184
N19;N134
N51;N43
N168;N262
N44;N97
N44;N99
N57;N135
N44;N92
N211;N44
N228;N7
N190;N92
N44;N95
N148;N195
N241;N149
N95;N65
N294;N223
N67;N145
N214;N178
N193;N213
N30;N227
N69;N8
N277;N68
N290;N99
N184;N44
N141;N44
N44;N218
N44;N216
N19;N146
N44;N217
N39;N44
N176;N44
N201;N255
N123;N295
N44;N211
N284;N299
N44;N214
N269;N274
N261;N44
N113;N197
N44;N79
N134;N83
N214;N44
N75;N219
N111;N168
N272;N292
N44;N207
N44;N205
N229;N44
N246;N105
N10;N99
N256;N208
N44;N209
N110;N237
N44;N74
N44;N76
N44;N77
N44;N204
N131;N148
N44;N72
N44;N202
N44;N73
N236;N99
N44;N49
N128;N44
N291;N76
N44;N45
N44;N47
N292;N272
N238;N243
N274;N142
N29;N255
N211;N138
N248;N22
N274;N269
N299;N24
N246;N270
N44;N41
N17;N276
N266;N225
N44;N42
N300;N99
N168;N111
N44;N43
N87;N44
N297;N17
N235;N44
N278;N44
N44;N40
N44;N57
N16;N44
N242;N76
N178;N214
N95;N254
N198;N221
N199;N44
N30;N95
N207;N44
N241;N44
N43;N13
N220;N64
N3;N220
N249;N14
N105;N246
N44;N26
N1;N173
N162;N70
N276;N17
N278;N61
N44;N20
N44;N22
N263;N76
N59;N10
N57;N122
N17;N297
N44;N39
N52;N96
N44;N34
N95;N116
N44;N35
N44;N37
N148;N268
N208;N256
N274;N271
N7;N93
N246;N148
N299;N284
N264;N174
N162;N62
N93;N7
N44;N33
N72;N44
N155;N32
N191;N186
N44;N280
N148;N131
N85;N133
N44;N283
N64;N220
N44;N163
N44;N281
N45;N53
N258;N180
N48;N198
N7;N228
N156;N214
N177;N246
N45;N56
N53;N45
N163;N44
N252;N44
N68;N246
N44;N274
N44;N153
N44;N154
N194;N44
N115;N237
N101;N72
N44;N278
N44;N158
N44;N16
N76;N44
N44;N17
N180;N80
N44;N18
N44;N19
N44;N272
N44;N273
N283;N44
N139;N44
N92;N44
N148;N246
N274;N210
N100;N44
N99;N10
N260;N44
N119;N137
N61;N278
N213;N193
N274;N215
N45;N44
N267;N44
N32;N172
N35;N250
N35;N130
N295;N123
N212;N103
N44;N265
N44;N266
N27;N171
N44;N143
N220;N5
N44;N267
N123;N202
N220;N3
N44;N147
N172;N75
N44;N180
N145;N172
N22;N44
N44;N181
N44;N184
N227;N30
N44;N185
N44;N182
N32;N155
N148;N114
N171;N27
N99;N44
N11;N246
N245;N251
N225;N266
N198;N257
N198;N9
N246;N177
N205;N44
N13;N43
N249;N237
N124;N44
N107;N44
N44;N296
N44;N176
N88;N202
N44;N294
N44;N173
N244;N44
N44;N293
N44;N172
N153;N140
N274;N232
N108;N66
N84;N44
N186;N191
N275;N172
N8;N187
N60;N202
N44;N287
N37;N44
N44;N164
N44;N285
N44;N165
N220;N44
N44;N168
N44;N289
N44;N169
N14;N249
N298;N68
N23;N172
N89;N241
N183;N188
N103;N212
N145;N157
N174;N264
N72;N101
N186;N76
N24;N299
N299;N119
N44;N117
N173;N1
N154;N44
N44;N239
N44;N118
N254;N95
N224;N129
N243;N44
N44;N233
N44;N231
N70;N162
N15;N246
N44;N237
N44;N235
N120;N169
N262;N168
N180;N44
N221;N198
N253;N44
N4;N44
N169;N44
N200;N209
N44;N229
N44;N109
N44;N107
N44;N100
N68;N298
N44;N222
N243;N38
N44;N220
N44;N104
N237;N44
N44;N102
N44;N103
N44;N261
N44;N141
N204;N44
N44;N260
N132;N42
N75;N55
N44;N139
N91;N44
N133;N85
N44;N255
N44;N252
N44;N253
N185;N44
N44;N136
N147;N44
N170;N38
N164;N44
N161;N7
N95;N193
N44;N128
N299;N202
N271;N274
N68;N277
N125;N33
N44;N243
N146;N19
N144;N172
N172;N7
N85;N44
N44;N244
N44;N241
N44;N121
N116;N95
N44;N247
N44;N127
N112;N220
N44;N124
N44;N245
N196;N44
N243;N6
N44;N246
N153;N44
N188;N44
N293;N44
N76;N291
N19;N44
N172;N203
N102;N44
N140;N153
N122;N57
N31;N286
N218;N44
N288;N172
N250;N35
N35;N44
N5;N179
N62;N162
N109;N44
N38;N126
N210;N274
N173;N44
N47;N44
N195;N148
N246;N68
N243;N162
N243;N160
N220;N264
N20;N44
N219;N75
N90;N44
N82;N44
N230;N246
N130;N35
N224;N95
N76;N263
N243;N192
N160;N243
N55;N75
N220;N112
N265;N44
N222;N44
N231;N44
N274;N44
N96;N246
N97;N44
N165;N44
N66;N168
N2;N224
N246;N44
N202;N299
N289;N44
N118;N44
N217;N44
N187;N8
N237;N115
N294;N44
N237;N110
N66;N282
N169;N120
N12;N17
N114;N148
N76;N242
N162;N150
N44;N199
N246;N96
N44;N198
N46;N143
N119;N299
N266;N44
N270;N246
N44;N196
N44;N194
N150;N162
N34;N44
N77;N44
N202;N60
N76;N256
N44;N188
N157;N145
N224;N2
N94;N241
N166;N43
N172;N32
N142;N274
N49;N44
N145;N67
N224;N54
N273;N44
N40;N44
N239;N44
N220;N151
N38;N243
N7;N161
N172;N23
N172;N44
N237;N249
N162;N243
N180;N152
N36;N172
N245;N44
N117;N44
N92;N190
N202;N44
N99;N290
N7;N172
N149;N241
N197;N113
N28;N246
N172;N36
N202;N259
