N279;N54
N96;N197
N25;N148
N136;N87
N158;N28
N129;N116
N37;N250
N255;N29
N126;N170
N256;N63
N159;N62
N25;N150
N158;N109
N183;N72
N198;N48
N167;N260
N247;N128
N9;N257
N46;N288
N78;N234
N225;N71
N54;N244
N293;N106
N209;N200
N235;N272
N143;N46
N241;N94
N180;N258
N290;N181
N138;N269
N241;N89
N81;N44
N241;N87
N87;N136
N163;N233
N66;N108
N202;N234
N142;N204
N252;N258
N179;N112
N255;N102
N25;N167
N33;N59
N104;N79
N71;N232
N54;N279
N179;N3
N6;N160
N179;N5
N208;N63
N87;N241
N193;N171
N286;N22
N265;N192
N19;N300
N56;N45
N218;N278
N281;N117
N83;N134
N175;N96
N135;N57
N18;N63
N284;N214
N234;N202
N129;N224
N65;N51
N21;N105
N99;N247
N104;N81
N196;N225
N63;N291
N42;N132
N101;N221
N83;N146
N281;N222
N33;N125
N224;N27
N181;N290
N22;N286
N296;N58
N63;N18
N174;N64
N167;N25
N198;N91
N121;N100
N105;N185
N92;N240
N214;N156
N74;N60
N42;N189
N63;N256
N189;N42
N62;N243
N137;N119
N287;N88
N117;N281
N268;N114
N209;N39
N95;N30
N203;N164
N96;N261
N161;N93
N214;N284
N67;N157
N232;N274
N151;N220
N92;N250
N232;N71
N272;N235
N246;N28
N286;N31
N103;N35
N38;N170
N16;N249
N240;N92
N192;N265
N199;N245
N34;N279
N67;N283
N184;N226
N27;N90
N106;N293
N96;N175
N69;N114
N182;N88
N119;N24
N279;N34
N261;N296
N272;N147
N201;N219
N137;N60
N157;N36
N176;N88
N223;N294
N50;N96
N138;N211
N268;N131
N273;N103
N54;N224
N250;N92
N8;N47
N9;N198
N71;N161
N58;N296
N10;N59
N25;N49
N122;N217
N96;N52
N130;N250
N62;N159
N188;N183
N268;N148
N223;N168
N62;N150
N210;N215
N96;N50
N5;N266
N238;N160
N22;N248
N160;N6
N108;N282
N156;N178
N79;N104
N261;N232
N81;N184
N121;N148
N8;N231
N44;N81
N105;N11
N113;N298
N177;N68
N3;N174
N82;N102
N99;N300
N43;N166
N3;N179
N251;N245
N29;N201
N135;N137
N81;N293
N296;N261
N261;N221
N226;N184
N271;N210
N148;N25
N168;N262
N12;N276
N57;N135
N105;N21
N190;N92
N294;N223
N259;N295
N24;N119
N289;N128
N67;N145
N88;N176
N40;N194
N193;N213
N108;N267
N149;N89
N30;N227
N277;N68
N51;N13
N19;N146
N128;N247
N228;N161
N123;N295
N88;N182
N215;N210
N78;N295
N261;N44
N78;N299
N113;N197
N161;N71
N88;N287
N134;N83
N206;N68
N111;N282
N100;N121
N234;N78
N27;N224
N258;N80
N203;N145
N272;N292
N118;N141
N297;N26
N282;N154
N284;N24
N114;N69
N110;N237
N205;N6
N178;N156
N15;N28
N12;N297
N157;N67
N131;N268
N12;N178
N291;N76
N292;N272
N274;N142
N221;N101
N29;N255
N297;N12
N211;N138
N80;N258
N248;N22
N91;N198
N299;N24
N246;N270
N266;N225
N17;N276
N300;N99
N22;N28
N59;N33
N65;N30
N95;N254
N191;N139
N30;N95
N86;N14
N43;N13
N145;N203
N47;N8
N168;N223
N73;N83
N103;N273
N249;N14
N148;N270
N282;N11
N249;N16
N1;N173
N80;N239
N162;N70
N128;N289
N236;N285
N236;N280
N276;N17
N151;N153
N276;N12
N278;N61
N65;N165
N155;N23
N263;N76
N59;N10
N57;N122
N60;N137
N52;N96
N93;N161
N192;N6
N55;N172
N148;N268
N216;N291
N6;N192
N290;N59
N264;N174
N153;N107
N51;N65
N184;N81
N60;N124
N161;N23
N39;N209
N261;N209
N155;N32
N191;N186
N262;N115
N85;N133
N262;N111
N244;N54
N161;N228
N153;N151
N13;N20
N250;N130
N231;N8
N275;N32
N30;N65
N45;N53
N258;N180
N221;N261
N242;N291
N231;N4
N48;N198
N156;N214
N124;N60
N77;N180
N295;N259
N107;N153
N45;N56
N246;N197
N53;N45
N28;N11
N194;N40
N81;N104
N228;N53
N28;N15
N112;N179
N194;N44
N236;N300
N115;N237
N101;N72
N274;N210
N148;N121
N269;N210
N119;N137
N156;N85
N61;N278
N213;N193
N174;N3
N35;N250
N32;N172
N299;N78
N295;N123
N212;N103
N266;N5
N27;N171
N191;N291
N115;N249
N204;N142
N186;N293
N85;N156
N14;N86
N227;N30
N32;N275
N161;N127
N32;N155
N198;N132
N180;N77
N171;N27
N245;N251
N249;N115
N225;N266
N198;N9
N13;N43
N168;N212
N61;N251
N291;N63
N233;N237
N283;N67
N11;N230
N153;N140
N291;N216
N170;N126
N274;N232
N278;N218
N108;N66
N169;N21
N186;N191
N115;N262
N28;N22
N10;N300
N8;N187
N89;N149
N187;N69
N141;N245
N14;N249
N293;N81
N298;N68
N89;N241
N219;N55
N183;N188
N103;N212
N298;N113
N72;N101
N174;N264
N170;N238
N24;N299
N266;N180
N11;N105
N149;N177
N300;N19
N173;N1
N274;N300
N254;N95
N224;N129
N282;N108
N300;N10
N70;N162
N20;N13
N55;N219
N233;N163
N144;N145
N120;N169
N23;N161
N141;N118
N262;N168
N171;N193
N269;N138
N111;N262
N258;N252
N292;N24
N200;N209
N222;N299
N229;N270
N299;N222
N24;N292
N68;N298
N68;N177
N23;N155
N291;N242
N44;N261
N221;N48
N132;N42
N75;N55
N24;N284
N243;N62
N178;N12
N133;N85
N5;N98
N238;N170
N60;N74
N170;N38
N88;N123
N253;N21
N145;N144
N185;N105
N258;N152
N35;N103
N161;N7
N282;N111
N154;N282
N245;N207
N68;N277
N125;N33
N146;N19
N261;N96
N112;N220
N173;N175
N110;N41
N116;N129
N300;N236
N141;N209
N76;N291
N245;N199
N90;N27
N140;N153
N197;N96
N122;N57
N31;N286
N146;N83
N217;N122
N250;N37
N250;N35
N59;N290
N5;N179
N280;N236
N247;N99
N102;N255
N210;N271
N210;N274
N227;N116
N97;N21
N293;N186
N195;N268
N165;N65
N175;N173
N160;N238
N137;N51
N243;N160
N11;N28
N291;N191
N83;N73
N127;N161
N53;N228
N137;N135
N6;N205
N123;N88
N116;N227
N4;N231
N232;N261
N51;N137
N139;N191
N239;N80
N288;N157
N76;N263
N160;N243
N222;N281
N55;N75
N220;N112
N210;N269
N28;N158
N260;N167
N209;N141
N270;N148
N21;N97
N150;N62
N132;N198
N104;N222
N230;N11
N212;N168
N63;N208
N207;N245
N72;N183
N172;N55
N237;N233
N237;N115
N187;N8
N102;N82
N222;N104
N237;N110
N49;N25
N164;N203
N267;N108
N300;N274
N169;N120
N69;N187
N114;N268
N268;N195
N150;N25
N162;N150
N36;N157
N46;N143
N209;N261
N68;N206
N71;N225
N270;N246
N2;N129
N44;N194
N21;N169
N13;N51
N150;N162
N201;N29
N245;N141
N251;N61
N84;N295
N147;N272
N129;N2
N94;N241
N180;N266
N166;N43
N172;N32
N142;N274
N109;N158
N26;N297
N21;N253
N219;N201
N145;N67
N98;N5
N177;N149
N224;N54
N220;N151
N7;N161
N197;N246
N41;N110
N36;N172
N64;N174
N270;N229
N295;N84
N288;N46
N257;N9
N92;N190
N48;N221
N285;N236
N295;N78
N11;N282
N157;N288
N152;N258
N225;N196
N197;N113
N28;N246
N172;N36
