N180;N245
N1;N21
N9;N489
N9;N248
N1;N25
N390;N458
N125;N329
N9;N240
N305;N2
N420;N9
N37;N376
N64;N10
N77;N7
N145;N3
N2;N69
N225;N4
N307;N278
N487;N288
N50;N238
N491;N115
N1;N13
N157;N3
N1;N12
N424;N316
N1;N17
N45;N312
N313;N25
N361;N123
N66;N466
N117;N115
N231;N109
N223;N385
N425;N173
N365;N263
N255;N343
N45;N308
N376;N37
N13;N141
N243;N476
N2;N44
N25;N290
N486;N223
N2;N299
N9;N279
N78;N333
N50;N455
N247;N1
N469;N232
N458;N390
N2;N34
N2;N35
N195;N408
N2;N39
N25;N284
N330;N8
N215;N4
N67;N5
N1;N232
N311;N136
N243;N259
N16;N266
N499;N115
N10;N89
N160;N45
N402;N78
N3;N66
N18;N5
N5;N378
N2;N29
N101;N390
N471;N10
N33;N3
N374;N11
N163;N274
N9;N296
N197;N59
N364;N4
N465;N27
N466;N66
N442;N1
N2;N16
N127;N86
N142;N10
N3;N50
N348;N232
N1;N450
N13;N185
N10;N64
N13;N177
N321;N11
N3;N45
N133;N7
N398;N2
N430;N3
N99;N447
N259;N243
N155;N1
N45;N3
N1;N442
N28;N9
N5;N384
N10;N55
N1;N208
N3;N36
N3;N33
N5;N148
N454;N261
N5;N387
N477;N245
N70;N366
N271;N323
N240;N9
N10;N258
N45;N171
N123;N271
N320;N7
N3;N23
N401;N78
N17;N235
N294;N482
N44;N314
N176;N355
N354;N9
N359;N85
N47;N196
N321;N375
N1;N265
N256;N345
N194;N1
N67;N239
N477;N497
N141;N13
N455;N50
N45;N160
N125;N2
N336;N316
N57;N4
N12;N399
N321;N123
N128;N25
N294;N467
N372;N225
N439;N4
N69;N2
N342;N270
N80;N2
N277;N65
N388;N2
N472;N262
N483;N38
N8;N214
N137;N9
N16;N2
N91;N294
N332;N1
N241;N140
N9;N1
N35;N2
N3;N275
N440;N9
N413;N62
N312;N45
N264;N2
N132;N10
N1;N245
N3;N270
N1;N244
N1;N247
N284;N25
N27;N353
N307;N10
N213;N11
N10;N269
N269;N10
N10;N90
N205;N7
N226;N10
N285;N62
N3;N243
N208;N81
N314;N44
N321;N340
N296;N9
N3;N246
N3;N486
N176;N150
N40;N166
N95;N130
N10;N287
N262;N2
N72;N69
N377;N49
N341;N75
N70;N1
N484;N62
N65;N498
N176;N389
N378;N5
N85;N351
N1;N292
N252;N4
N274;N163
N450;N1
N85;N359
N278;N307
N457;N70
N254;N295
N261;N454
N147;N4
N173;N317
N14;N9
N5;N306
N192;N5
N357;N70
N485;N78
N1;N288
N412;N288
N427;N4
N70;N357
N59;N9
N246;N140
N169;N2
N228;N475
N65;N277
N384;N396
N414;N3
N3;N200
N245;N477
N2;N1
N231;N2
N198;N157
N295;N254
N47;N453
N334;N4
N311;N2
N262;N472
N115;N117
N219;N435
N37;N4
N301;N13
N329;N125
N4;N187
N11;N374
N40;N249
N7;N116
N11;N380
N68;N138
N123;N321
N10;N403
N170;N23
N162;N4
N258;N10
N461;N10
N103;N111
N368;N9
N94;N1
N208;N1
N356;N17
N44;N178
N431;N252
N7;N362
N68;N105
N3;N430
N414;N261
N337;N224
N75;N23
N171;N45
N468;N263
N224;N337
N3;N437
N7;N133
N24;N9
N7;N373
N7;N371
N459;N393
N331;N155
N324;N7
N145;N153
N11;N103
N96;N2
N149;N3
N70;N165
N50;N3
N17;N417
N12;N1
N115;N1
N411;N245
N184;N9
N254;N369
N59;N237
N4;N147
N299;N229
N255;N2
N318;N164
N358;N3
N3;N414
N315;N13
N371;N7
N70;N175
N70;N174
N185;N13
N333;N78
N46;N35
N265;N1
N194;N227
N229;N299
N4;N397
N11;N321
N325;N307
N10;N230
N10;N478
N204;N156
N10;N471
N7;N324
N7;N321
N7;N320
N147;N462
N393;N3
N31;N40
N276;N95
N39;N2
N243;N3
N62;N4
N355;N176
N4;N162
N53;N253
N77;N167
N140;N246
N10;N470
N470;N10
N35;N107
N140;N241
N10;N461
N37;N88
N299;N2
N10;N226
N486;N3
N120;N265
N292;N1
N89;N10
N35;N41
N391;N340
N36;N480
N194;N405
N40;N1
N4;N334
N86;N4
N323;N271
N62;N285
N13;N438
N263;N365
N381;N378
N5;N297
N86;N251
N35;N46
N90;N10
N9;N416
N245;N1
N446;N367
N22;N4
N136;N311
N119;N8
N74;N2
N9;N428
N4;N1
N4;N6
N9;N420
N303;N10
N367;N446
N233;N2
N149;N392
N463;N109
N270;N3
N25;N313
N174;N70
N403;N10
N4;N364
N25;N319
N49;N13
N139;N173
N435;N219
N230;N10
N332;N316
N9;N445
N164;N9
N9;N19
N9;N440
N47;N12
N6;N4
N343;N255
N2;N233
N2;N231
N9;N14
N389;N82
N9;N28
N306;N5
N9;N27
N4;N302
N245;N263
N74;N190
N130;N95
N11;N182
N4;N309
N9;N20
N129;N2
N9;N24
N9;N228
N42;N5
N393;N459
N279;N9
N132;N383
N4;N310
N56;N247
N232;N469
N114;N247
N375;N321
N2;N255
N144;N441
N2;N495
N304;N99
N378;N381
N270;N342
N217;N31
N186;N9
N417;N17
N159;N10
N257;N5
N447;N99
N373;N7
N444;N4
N287;N10
N2;N264
N201;N4
N20;N9
N247;N114
N172;N34
N310;N236
N2;N262
N252;N431
N489;N9
N9;N368
N9;N59
N158;N25
N442;N294
N41;N35
N168;N8
N19;N9
N175;N464
N340;N321
N363;N2
N175;N70
N443;N5
N2;N398
N54;N4
N248;N9
N9;N137
N5;N207
N227;N194
N9;N370
N426;N86
N490;N4
N214;N8
N1;N307
N2;N169
N80;N283
N9;N68
N272;N80
N49;N377
N5;N443
N32;N4
N9;N144
N9;N146
N34;N172
N399;N12
N385;N223
N88;N37
N9;N390
N80;N272
N397;N4
N25;N158
N66;N3
N462;N147
N409;N62
N86;N426
N5;N224
N488;N62
N223;N486
N474;N439
N400;N277
N281;N293
N353;N27
N418;N4
N9;N164
N44;N2
N1;N115
N62;N488
N421;N107
N5;N257
N62;N484
N2;N195
N319;N25
N247;N56
N110;N10
N29;N2
N100;N9
N405;N194
N1;N108
N9;N181
N386;N255
N78;N1
N451;N77
N105;N68
N8;N327
N78;N485
N25;N128
N9;N184
N9;N186
N498;N65
N8;N3
N1;N332
N210;N103
N263;N468
N78;N494
N3;N199
N360;N50
N340;N391
N390;N101
N8;N48
N387;N5
N144;N9
N1;N321
N288;N487
N17;N1
N9;N85
N25;N121
N103;N11
N500;N354
N34;N2
N77;N451
N1;N155
N27;N434
N475;N228
N428;N9
N10;N132
N17;N356
N8;N119
N302;N4
N68;N9
N297;N5
N99;N304
N248;N267
N249;N40
N1;N389
N389;N1
N407;N264
N389;N176
N228;N9
N478;N10
N75;N341
N467;N294
N3;N145
N275;N3
N245;N411
N27;N9
N27;N465
N10;N159
N70;N268
N8;N330
N3;N149
N7;N65
N155;N331
N3;N157
N321;N1
N95;N276
N3;N393
N156;N389
N80;N423
N10;N142
N321;N7
N148;N5
N442;N446
N389;N156
N409;N496
N3;N124
N1;N194
N256;N493
N62;N409
N288;N412
N434;N27
N83;N154
N58;N4
N206;N4
N316;N336
N3;N131
N50;N395
N146;N9
N316;N332
N218;N4
N23;N75
N70;N457
N62;N413
N173;N425
N123;N361
N8;N168
N7;N77
N497;N477
N392;N149
N36;N3
N416;N9
N316;N347
N282;N11
N106;N47
N50;N360
N124;N3
N181;N9
N5;N18
N3;N349
N369;N254
N1;N163
N182;N11
N102;N6
N190;N74
N439;N474
N390;N9
N3;N358
N93;N1
N7;N97
N107;N421
N492;N423
N116;N7
N437;N3
N422;N309
N254;N4
N277;N400
N495;N2
N156;N219
N48;N8
N268;N70
N163;N1
N47;N350
N25;N1
N156;N204
N346;N104
N111;N103
N235;N17
N3;N339
N476;N243
N5;N42
N47;N106
N95;N4
N207;N5
N316;N424
N177;N13
N13;N1
N108;N53
N13;N49
N115;N491
N261;N414
N7;N242
N242;N7
N157;N198
N152;N444
N5;N51
N115;N499
N18;N221
N308;N45
N4;N22
N1;N2
N1;N3
N83;N4
N290;N25
N396;N384
N1;N4
N1;N5
N5;N67
N153;N145
N1;N9
N178;N44
N310;N4
N10;N303
N453;N47
N31;N217
N38;N1
N10;N307
N107;N35
N294;N442
N244;N1
N23;N170
N4;N490
N4;N37
N4;N252
N309;N4
N253;N53
N4;N32
N4;N254
N4;N256
N103;N210
N149;N298
N271;N123
N173;N5
N173;N139
N10;N338
N237;N59
N283;N80
N350;N47
N82;N389
N221;N18
N3;N1
N482;N294
N85;N9
N354;N500
N11;N213
N199;N3
N3;N8
N494;N78
N446;N442
N380;N11
N225;N372
N4;N57
N4;N58
N4;N54
N288;N1
N195;N2
N493;N256
N370;N9
N23;N3
N104;N9
N10;N110
N7;N205
N4;N281
N2;N305
N496;N409
N69;N72
N154;N83
N4;N62
N51;N5
N444;N152
N232;N1
N423;N80
N196;N47
N236;N310
N317;N173
N6;N102
N264;N407
N254;N436
N63;N1
N4;N215
N5;N173
N294;N91
N4;N218
N13;N315
N2;N311
N131;N3
N263;N245
N121;N25
N245;N180
N109;N463
N4;N86
N219;N156
N4;N83
N4;N225
N165;N70
N307;N325
N86;N127
N383;N132
N438;N13
N265;N120
N436;N254
N109;N231
N345;N256
N445;N9
N108;N1
N53;N108
N349;N3
N267;N248
N351;N85
N307;N1
N4;N95
N256;N4
N366;N70
N59;N197
N138;N68
N5;N192
N1;N93
N1;N94
N200;N3
N238;N50
N1;N78
N448;N162
N162;N448
N13;N301
N281;N4
N251;N86
N104;N346
N298;N149
N97;N7
N1;N63
N187;N4
N464;N175
N21;N1
N4;N418
N150;N176
N55;N10
N1;N70
N239;N67
N395;N50
N2;N129
N309;N422
N327;N8
N480;N36
N2;N96
N4;N427
N99;N2
N2;N99
N40;N31
N2;N125
N2;N363
N347;N316
N224;N5
N9;N104
N166;N40
N338;N10
N1;N40
N246;N3
N65;N7
N255;N386
N78;N401
N78;N402
N81;N208
N384;N5
N9;N100
N266;N16
N232;N348
N408;N195
N423;N492
N4;N439
N441;N144
N38;N483
N164;N318
N362;N7
N5;N1
N12;N47
N167;N77
N1;N38
N4;N201
N2;N80
N4;N444
N9;N354
N339;N3
N4;N206
N293;N281
N2;N74
N11;N282
N2;N388
