N332;N480
N206;N398
N320;N139
N386;N6
N490;N92
N377;N125
N79;N192
N437;N272
N288;N333
N377;N99
N401;N195
N202;N246
N281;N372
N166;N309
N78;N352
N369;N398
N272;N316
N470;N442
N332;N496
N50;N473
N16;N452
N130;N236
N214;N126
N407;N304
N260;N459
N407;N307
N125;N311
N12;N319
N247;N372
N287;N35
N239;N179
N21;N337
N129;N450
N29;N158
N154;N414
N335;N329
N37;N347
N340;N224
N1;N413
N79;N166
N481;N69
N143;N393
N296;N84
N114;N284
N263;N300
N33;N235
N471;N271
N6;N397
N394;N354
N273;N148
N54;N147
N437;N247
N469;N238
N179;N485
N126;N185
N408;N135
N311;N125
N408;N131
N195;N401
N192;N125
N13;N144
N16;N424
N101;N102
N6;N386
N296;N58
N330;N4
N98;N443
N197;N43
N69;N332
N243;N256
N461;N432
N354;N195
N323;N84
N104;N458
N323;N88
N18;N3
N210;N489
N38;N184
N74;N67
N157;N309
N252;N295
N344;N314
N206;N365
N51;N288
N470;N408
N290;N384
N243;N246
N16;N489
N340;N256
N152;N26
N261;N265
N461;N425
N472;N59
N195;N464
N244;N495
N67;N285
N368;N104
N352;N111
N293;N213
N206;N336
N104;N439
N285;N28
N192;N179
N37;N300
N215;N374
N235;N449
N166;N323
N486;N420
N394;N384
N464;N2
N449;N190
N22;N199
N498;N380
N65;N94
N494;N214
N65;N96
N54;N106
N311;N164
N345;N183
N58;N296
N136;N39
N272;N378
N164;N271
N192;N163
N420;N486
N393;N72
N210;N455
N341;N492
N312;N384
N191;N340
N88;N158
N67;N74
N166;N388
N166;N385
N145;N475
N296;N19
N10;N260
N60;N271
N80;N335
N420;N491
N241;N164
N213;N348
N81;N187
N131;N482
N47;N194
N400;N43
N191;N330
N161;N53
N55;N391
N193;N366
N256;N340
N316;N86
N264;N199
N20;N115
N192;N189
N354;N146
N432;N358
N401;N102
N44;N309
N118;N363
N475;N352
N144;N195
N269;N35
N328;N355
N285;N67
N122;N409
N369;N345
N312;N52
N85;N315
N465;N151
N354;N176
N201;N495
N141;N45
N454;N456
N422;N484
N276;N415
N242;N52
N183;N111
N191;N315
N171;N293
N199;N22
N414;N304
N45;N133
N45;N141
N72;N85
N135;N118
N366;N2
N58;N22
N125;N377
N341;N451
N271;N119
N382;N22
N326;N305
N57;N470
N40;N174
N193;N316
N372;N247
N90;N230
N282;N182
N233;N39
N16;N415
N151;N174
N178;N202
N65;N29
N391;N55
N352;N185
N357;N51
N284;N240
N35;N287
N410;N193
N480;N274
N459;N422
N316;N453
N19;N327
N251;N445
N90;N221
N477;N451
N483;N23
N228;N499
N143;N384
N484;N409
N482;N333
N133;N157
N170;N8
N123;N258
N12;N370
N148;N273
N105;N244
N258;N441
N487;N232
N240;N12
N108;N191
N449;N118
N374;N203
N307;N63
N442;N118
N67;N99
N242;N96
N22;N115
N442;N123
N462;N223
N354;N126
N420;N56
N161;N399
N437;N281
N240;N27
N198;N328
N374;N215
N361;N500
N40;N252
N147;N54
N338;N164
N38;N96
N337;N433
N295;N252
N459;N356
N11;N145
N269;N442
N278;N483
N7;N105
N139;N320
N351;N375
N388;N65
N372;N281
N18;N107
N23;N485
N128;N185
N219;N435
N190;N449
N476;N38
N384;N143
N162;N188
N23;N483
N220;N304
N380;N493
N431;N87
N380;N498
N485;N179
N237;N142
N105;N7
N346;N469
N274;N339
N97;N122
N131;N408
N455;N210
N97;N128
N371;N313
N406;N62
N313;N204
N497;N489
N379;N275
N309;N157
N200;N133
N383;N201
N316;N36
N388;N166
N308;N341
N224;N340
N198;N6
N59;N472
N45;N39
N418;N473
N330;N486
N470;N57
N484;N417
N302;N187
N212;N432
N194;N260
N31;N83
N309;N166
N18;N103
N190;N466
N337;N465
N318;N90
N329;N148
N186;N21
N472;N411
N148;N221
N119;N116
N245;N240
N347;N292
N326;N261
N418;N487
N278;N454
N330;N497
N439;N395
N197;N437
N406;N43
N15;N179
N22;N58
N115;N148
N484;N422
N170;N471
N274;N38
N485;N23
N148;N215
N36;N47
N386;N10
N378;N322
N227;N309
N473;N375
N316;N40
N189;N379
N331;N165
N480;N319
N229;N269
N194;N217
N185;N128
N185;N126
N422;N459
N406;N126
N100;N84
N296;N183
N367;N210
N493;N380
N118;N442
N307;N407
N19;N296
N61;N93
N118;N449
N15;N115
N387;N428
N15;N155
N68;N150
N4;N393
N236;N206
N153;N294
N351;N356
N291;N248
N411;N472
N24;N158
N349;N317
N440;N107
N332;N20
N14;N397
N262;N492
N10;N238
N305;N326
N170;N444
N358;N333
N296;N168
N435;N254
N132;N59
N181;N407
N375;N150
N304;N220
N244;N105
N312;N338
N90;N28
N102;N360
N4;N330
N51;N357
N415;N16
N102;N43
N211;N6
N343;N454
N164;N241
N138;N435
N36;N85
N315;N192
N355;N328
N244;N103
N142;N9
N262;N403
N78;N32
N159;N360
N388;N110
N174;N473
N72;N277
N426;N191
N343;N467
N375;N99
N58;N300
N104;N488
N378;N379
N174;N474
N22;N3
N405;N279
N136;N313
N471;N215
N74;N14
N441;N294
N491;N401
N287;N112
N130;N288
N47;N35
N47;N36
N307;N415
N232;N269
N138;N413
N84;N100
N426;N153
N332;N61
N195;N354
N425;N461
N402;N421
N494;N263
N371;N386
N220;N354
N94;N350
N332;N69
N126;N105
N315;N191
N145;N11
N227;N332
N206;N426
N106;N127
N239;N231
N94;N343
N195;N367
N315;N188
N435;N219
N114;N213
N202;N292
N332;N72
N247;N310
N312;N343
N99;N297
N445;N432
N90;N66
N355;N363
N491;N420
N458;N264
N303;N76
N245;N273
N496;N332
N13;N234
N48;N310
N496;N331
N114;N267
N333;N288
N275;N266
N405;N222
N310;N247
N43;N400
N441;N258
N491;N430
N270;N366
N6;N413
N187;N265
N285;N490
N43;N406
N358;N393
N456;N143
N157;N261
N277;N336
N111;N429
N365;N317
N355;N343
N129;N374
N488;N442
N26;N294
N361;N174
N293;N171
N118;N92
N275;N244
N204;N313
N212;N478
N6;N405
N61;N27
N23;N467
N413;N138
N391;N157
N289;N91
N330;N456
N43;N425
N335;N359
N478;N212
N461;N489
N330;N49
N119;N160
N212;N488
N273;N182
N486;N372
N471;N239
N158;N24
N99;N375
N99;N377
N158;N29
N462;N115
N37;N496
N256;N70
N416;N240
N17;N192
N453;N316
N231;N239
N344;N467
N307;N153
N78;N234
N205;N436
N483;N278
N105;N131
N92;N171
N417;N35
N151;N263
N188;N162
N279;N405
N469;N346
N163;N140
N435;N92
N272;N223
N192;N491
N356;N351
N105;N161
N188;N154
N88;N37
N122;N121
N412;N117
N482;N406
N279;N439
N41;N46
N311;N485
N412;N121
N58;N124
N192;N484
N412;N128
N200;N15
N486;N330
N151;N217
N96;N271
N167;N23
N432;N445
N454;N359
N25;N109
N271;N60
N499;N238
N385;N244
N69;N453
N261;N157
N337;N21
N122;N97
N133;N200
N323;N352
N368;N236
N279;N443
N469;N379
N499;N228
N142;N409
N167;N450
N187;N302
N150;N205
N441;N9
N174;N40
N352;N207
N222;N405
N97;N79
N58;N181
N469;N384
N359;N419
N436;N369
N69;N480
N69;N481
N43;N69
N401;N491
N91;N370
N95;N12
N272;N254
N146;N128
N32;N64
N292;N347
N243;N143
N199;N264
N319;N480
N103;N18
N142;N421
N499;N240
N155;N136
N92;N118
N259;N191
N95;N86
N128;N109
N374;N101
N351;N411
N30;N205
N32;N78
N215;N471
N90;N318
N87;N421
N300;N58
N479;N378
N178;N122
N354;N24
N376;N474
N105;N13
N20;N221
N136;N2
N417;N484
N98;N139
N369;N436
N492;N480
N271;N96
N224;N278
N203;N122
N274;N294
N236;N130
N146;N187
N107;N440
N70;N256
N107;N94
N490;N217
N223;N420
N11;N403
N335;N80
N376;N458
N179;N192
N359;N454
N432;N461
N428;N58
N404;N319
N166;N240
N158;N88
N70;N266
N374;N129
N44;N452
N178;N143
N65;N125
N254;N37
N326;N429
N443;N61
N258;N355
N178;N159
N351;N445
N338;N312
N156;N140
N258;N87
N238;N499
N184;N38
N77;N489
N224;N296
N10;N386
N472;N132
N79;N432
N189;N192
N454;N343
N429;N326
N17;N123
N105;N47
N282;N36
N399;N382
N89;N304
N397;N14
N131;N387
N292;N388
N489;N210
N263;N61
N394;N441
N193;N9
N386;N403
N495;N178
N394;N445
N45;N94
N314;N158
N248;N456
N248;N29
N401;N437
N184;N76
N128;N146
N226;N131
N284;N114
N343;N94
N133;N284
N266;N108
N60;N358
N419;N359
N12;N240
N186;N137
N191;N259
N8;N170
N211;N122
N29;N484
N439;N253
N380;N294
N384;N469
N223;N462
N294;N153
N328;N54
N223;N467
N49;N330
N183;N202
N306;N375
N105;N126
N442;N470
N443;N98
N67;N101
N238;N469
N424;N462
N35;N181
N17;N171
N151;N271
N449;N235
N284;N133
N231;N257
N50;N28
N351;N408
N334;N146
N442;N488
N143;N243
N87;N431
N117;N412
N367;N195
N266;N118
N115;N462
N352;N298
N30;N281
N102;N401
N437;N5
N313;N347
N338;N284
N379;N378
N308;N206
N119;N260
N127;N343
N488;N104
N254;N272
N253;N439
N221;N148
N271;N164
N26;N309
N107;N18
N406;N287
N375;N214
N437;N53
N195;N72
N308;N212
N103;N263
N493;N81
N267;N41
N439;N295
N181;N305
N124;N58
N350;N94
N363;N355
N47;N105
N189;N210
N245;N371
N82;N177
N148;N115
N200;N497
N452;N17
N200;N495
N452;N16
N133;N182
N274;N248
N31;N466
N220;N37
N233;N461
N76;N303
N355;N258
N387;N120
N252;N40
N388;N291
N388;N292
N411;N388
N493;N204
N93;N364
N488;N114
N35;N269
N409;N349
N132;N472
N349;N409
N422;N88
N103;N244
N439;N279
N309;N84
N269;N93
N144;N371
N431;N362
N131;N305
N317;N131
N124;N39
N235;N33
N426;N206
N431;N313
N378;N207
N298;N352
N69;N40
N380;N322
N308;N243
N330;N383
N302;N283
N69;N43
N10;N338
N455;N121
N487;N418
N131;N317
N395;N214
N347;N167
N366;N352
N109;N89
N459;N260
N212;N308
N183;N175
N309;N26
N313;N371
N86;N95
N443;N279
N73;N331
N81;N493
N322;N236
N103;N229
N48;N283
N189;N251
N131;N321
N15;N275
N331;N496
N435;N121
N410;N264
N454;N20
N240;N416
N85;N194
N174;N361
N185;N457
N451;N318
N443;N286
N40;N316
N411;N351
N111;N352
N422;N31
N375;N285
N326;N34
N31;N422
N48;N298
N274;N201
N322;N242
N347;N145
N363;N300
N413;N6
N165;N489
N413;N1
N271;N151
N251;N189
N464;N367
N435;N138
N267;N299
N309;N44
N93;N329
N440;N218
N173;N175
N61;N443
N126;N214
N458;N104
N96;N352
N458;N101
N393;N358
N106;N278
N140;N156
N240;N432
N28;N90
N446;N239
N169;N209
N147;N360
N150;N68
N162;N471
N415;N114
N413;N237
N163;N192
N15;N200
N6;N337
N209;N169
N312;N206
N229;N103
N263;N494
N209;N168
N157;N348
N333;N358
N360;N2
N366;N391
N160;N119
N436;N257
N357;N103
N164;N371
N104;N368
N287;N205
N257;N289
N367;N77
N26;N19
N370;N338
N56;N322
N343;N355
N365;N11
N293;N57
N94;N473
N413;N209
N352;N96
N437;N401
N124;N310
N456;N248
N140;N163
N451;N341
N164;N353
N207;N248
N398;N206
N325;N294
N120;N182
N120;N181
N28;N285
N38;N274
N281;N185
N109;N25
N84;N73
N397;N500
N209;N131
N139;N98
N458;N146
N456;N257
N467;N23
N383;N345
N53;N323
N124;N363
N28;N50
N99;N67
N383;N341
N72;N195
N61;N479
N352;N78
N452;N20
N164;N338
N424;N16
N84;N68
N285;N375
N76;N378
N222;N334
N383;N330
N152;N479
N63;N307
N134;N350
N355;N223
N319;N404
N51;N453
N480;N69
N240;N499
N237;N253
N439;N24
N114;N369
N451;N395
N157;N391
N2;N136
N471;N342
N257;N231
N452;N44
N403;N262
N309;N402
N365;N206
N119;N271
N1;N34
N275;N379
N159;N224
N300;N363
N164;N311
N242;N322
N441;N394
N378;N272
N2;N143
N473;N50
N225;N82
N403;N83
N235;N265
N303;N133
N117;N369
N143;N178
N315;N472
N356;N459
N454;N278
N202;N484
N33;N451
N428;N462
N74;N427
N376;N42
N252;N492
N129;N245
N424;N315
N495;N244
N353;N164
N403;N70
N240;N166
N121;N412
N297;N152
N171;N436
N252;N497
N328;N198
N348;N276
N441;N103
N389;N207
N376;N38
N146;N458
N442;N392
N327;N367
N64;N32
N436;N205
N13;N379
N86;N316
N453;N413
N25;N294
N306;N67
N179;N239
N128;N97
N500;N58
N252;N470
N64;N23
N193;N181
N386;N391
N128;N412
N121;N435
N265;N187
N244;N275
N66;N90
N450;N129
N46;N196
N135;N48
N473;N94
N290;N138
N465;N337
N214;N395
N209;N413
N348;N213
N167;N347
N316;N286
N206;N117
N10;N87
N388;N426
N12;N95
N288;N130
N79;N389
N297;N99
N36;N316
N195;N218
N376;N85
N321;N178
N158;N314
N495;N200
N474;N376
N54;N328
N92;N490
N448;N65
N408;N351
N430;N491
N121;N455
N215;N148
N495;N201
N420;N223
N292;N202
N386;N371
N352;N323
N196;N439
N133;N303
N276;N294
N214;N375
N122;N203
N159;N178
N445;N251
N343;N312
N65;N448
N101;N374
N288;N113
N91;N255
N332;N227
N263;N103
N474;N367
N110;N388
N215;N134
N155;N498
N322;N56
N108;N358
N45;N8
N388;N411
N16;N234
N499;N367
N62;N157
N122;N211
N448;N49
N121;N477
N284;N422
N3;N34
N315;N424
N142;N301
N226;N203
N20;N332
N176;N354
N110;N320
N372;N448
N99;N419
N498;N155
N385;N166
N191;N108
N91;N277
N372;N440
N354;N394
N405;N6
N3;N22
N43;N283
N118;N135
N421;N87
N384;N312
N321;N131
N82;N225
N213;N114
N224;N159
N111;N183
N482;N131
N24;N487
N292;N248
N153;N443
N3;N18
N482;N133
N339;N274
N91;N289
N297;N44
N330;N191
N178;N495
N22;N382
N491;N192
N352;N366
N57;N293
N407;N181
N214;N51
N221;N321
N359;N335
N39;N45
N358;N60
N421;N402
N133;N45
N183;N355
N92;N435
N316;N272
N277;N72
N234;N78
N462;N424
N77;N367
N462;N428
N153;N426
N218;N440
N397;N470
N492;N341
N68;N84
N389;N277
N457;N185
N183;N345
N479;N218
N387;N131
N462;N9
N432;N169
N372;N486
N414;N92
N153;N473
N315;N85
N475;N145
N201;N274
N80;N133
N372;N480
N409;N142
N223;N355
N52;N312
N92;N414
N379;N469
N39;N233
N294;N276
N369;N114
N234;N13
N409;N122
N369;N117
N49;N448
N234;N16
N93;N269
N467;N343
N211;N484
N467;N344
N477;N217
N117;N312
N444;N410
N294;N274
N289;N396
N73;N84
N24;N439
N113;N288
N359;N372
N162;N66
N191;N125
N93;N277
N241;N59
N378;N76
N422;N284
N218;N479
N470;N252
N138;N290
N439;N104
N274;N7
N387;N163
N390;N57
N203;N226
N6;N198
N480;N492
N450;N167
N497;N330
N384;N394
N411;N294
N115;N22
N286;N443
N187;N81
N93;N77
N90;N398
N484;N29
N115;N20
N216;N484
N76;N444
N346;N236
N73;N261
N304;N414
N473;N174
N148;N99
N322;N380
N262;N230
N358;N108
N405;N20
N187;N91
N245;N467
N414;N40
N304;N407
N488;N212
N367;N499
N305;N130
N305;N131
N299;N267
N253;N303
N481;N245
N484;N202
N120;N242
N136;N155
N473;N164
N88;N333
N410;N342
N275;N15
N103;N357
N351;N156
N11;N365
N169;N389
N230;N90
N221;N283
N490;N285
N182;N120
N77;N93
N135;N408
N278;N224
N46;N70
N489;N165
N245;N481
N124;N270
N266;N393
N88;N323
N168;N209
N313;N431
N115;N15
N334;N222
N18;N344
N440;N372
N93;N61
N375;N351
N52;N242
N182;N133
N301;N142
N23;N253
N497;N252
N257;N301
N217;N197
N205;N30
N101;N67
N217;N194
N294;N325
N18;N310
N185;N352
N415;N276
N367;N464
N277;N93
N277;N91
N171;N92
N88;N360
N185;N26
N84;N323
N207;N352
N165;N331
N347;N37
N338;N370
N333;N88
N60;N53
N133;N80
N183;N296
N443;N153
N58;N500
N367;N456
N48;N166
N299;N223
N131;N209
N59;N241
N125;N191
N125;N192
N267;N192
N426;N388
N261;N73
N46;N41
N484;N211
N102;N101
N84;N309
N329;N335
N355;N183
N364;N196
N156;N351
N468;N295
N146;N21
N10;N477
N300;N37
N269;N229
N304;N470
N17;N452
N484;N216
N393;N4
N473;N153
N260;N194
N387;N201
N136;N139
N254;N108
N114;N415
N269;N232
N370;N12
N322;N378
N367;N474
N439;N196
N131;N226
N37;N88
N120;N260
N197;N262
N458;N466
N103;N90
N371;N164
N126;N330
N56;N420
N48;N106
N350;N250
N40;N414
N124;N202
N232;N487
N456;N330
N448;N496
N164;N484
N333;N482
N461;N233
N175;N183
N84;N362
N189;N86
N35;N47
N239;N446
N6;N211
N265;N248
N345;N369
N456;N345
N227;N112
N247;N96
N366;N270
N207;N389
N173;N50
N451;N483
N175;N173
N83;N403
N195;N144
N38;N376
N304;N89
N391;N366
N366;N284
N265;N235
N126;N354
N312;N117
N19;N26
N205;N287
N21;N179
N451;N477
N207;N378
N432;N79
N478;N423
N147;N262
N371;N144
N394;N180
N295;N439
N263;N151
N237;N321
N96;N242
N403;N11
N456;N367
N489;N16
N466;N190
N96;N247
N109;N128
N393;N266
N48;N135
N21;N186
N345;N383
N164;N473
N66;N288
N176;N9
N79;N97
N94;N107
N239;N471
N116;N119
N360;N88
N2;N464
N157;N484
N244;N304
N463;N320
N373;N257
N61;N360
N391;N386
N36;N282
N389;N79
N288;N51
N9;N441
N375;N306
N267;N104
N86;N210
N134;N215
N2;N472
N192;N315
N257;N373
N53;N437
N347;N438
N270;N124
N288;N66
N132;N174
N433;N337
N171;N17
N124;N252
N396;N289
N300;N263
N305;N181
N267;N114
N436;N171
N197;N217
N265;N283
N210;N189
N102;N181
N250;N350
N9;N462
N114;N488
N383;N480
N446;N179
N419;N99
N23;N221
N260;N120
N144;N13
N391;N398
N403;N386
N331;N73
N21;N146
N56;N496
N466;N150
N237;N361
N61;N332
N84;N394
N405;N450
N295;N468
N104;N267
N295;N465
N122;N178
N260;N119
N398;N369
N320;N463
N139;N136
N197;N238
N217;N151
N265;N261
N398;N391
N303;N253
N421;N142
N471;N162
N37;N254
N445;N351
N369;N284
N70;N403
N223;N272
N361;N237
N146;N354
N12;N423
N496;N37
N202;N124
N471;N170
N75;N394
N272;N437
N99;N148
N210;N86
N377;N234
N96;N38
N196;N364
N344;N18
N489;N77
N382;N399
N240;N284
N87;N258
N336;N277
N87;N10
N329;N93
N229;N414
N101;N458
N9;N142
N348;N157
N236;N7
N329;N97
N146;N334
N20;N405
N496;N56
N397;N6
N163;N387
N114;N161
N425;N43
N142;N237
N284;N338
N252;N124
N171;N107
N487;N24
N352;N415
N362;N84
N37;N220
N218;N162
N361;N266
N42;N376
N33;N125
N162;N313
N360;N61
N259;N391
N437;N119
N248;N292
N427;N74
N248;N291
N206;N236
N445;N394
N191;N426
N192;N79
N244;N385
N210;N367
N495;N338
N273;N245
N108;N254
N151;N465
N9;N176
N390;N120
N20;N436
N246;N202
N192;N267
N8;N321
N466;N458
N181;N35
N163;N399
N352;N475
N248;N274
N181;N193
N492;N252
N237;N413
N214;N494
N121;N122
N277;N389
N196;N313
N167;N205
N408;N470
N218;N195
N96;N65
N479;N152
N9;N193
N255;N91
N192;N56
N223;N299
N341;N383
N423;N410
N319;N12
N277;N391
N470;N304
N492;N262
N8;N45
N316;N193
N264;N458
N485;N311
N150;N466
N168;N39
N20;N454
N20;N452
N283;N304
N34;N1
N234;N377
N283;N302
N34;N3
N470;N397
N417;N257
N57;N390
N444;N76
N203;N374
N432;N240
N143;N456
N477;N121
N281;N30
N489;N461
N429;N111
N261;N354
N177;N82
N262;N197
N133;N482
N314;N344
N106;N54
N248;N265
N406;N446
N354;N261
N304;N244
N399;N163
N477;N139
N246;N243
N479;N61
N94;N45
N399;N161
N238;N260
N110;N464
N258;N123
N108;N266
N24;N354
N188;N315
N34;N326
N168;N296
N389;N169
N292;N132
N236;N368
N44;N212
N479;N109
N340;N191
N432;N212
N271;N471
N480;N332
N372;N359
N500;N361
N50;N173
N91;N187
N118;N266
N321;N8
N145;N347
N321;N237
N157;N62
N289;N257
N153;N307
N500;N397
N43;N197
N321;N221
N437;N197
N260;N10
N130;N305
N23;N64
N117;N206
N62;N406
N29;N248
N27;N240
N318;N451
N178;N321
N465;N295
N65;N388
N113;N373
N409;N484
N233;N336
N296;N224
N279;N283
N467;N223
N90;N103
N419;N110
N364;N93
N354;N220
N110;N419
N201;N383
N155;N15
N173;N427
N198;N225
N201;N387
N304;N283
N284;N366
N181;N102
N97;N329
N327;N19
N442;N269
N336;N233
N284;N369
N266;N361
N5;N437
N193;N410
N106;N48
N341;N308
N14;N308
N480;N383
N281;N437
N336;N206
N294;N380
N370;N91
N497;N200
N427;N173
N29;N223
N256;N243
N243;N308
N467;N245
N414;N229
N472;N2
N477;N10
N480;N372
N94;N65
N248;N207
N261;N326
N276;N348
N181;N120
N85;N376
N410;N444
N283;N265
N161;N105
N127;N106
N85;N72
N198;N278
N283;N263
N283;N43
N257;N456
N363;N124
N308;N14
N452;N267
N204;N493
N286;N316
N242;N182
N283;N48
N283;N279
N88;N422
N375;N458
N123;N17
N435;N398
N472;N315
N446;N406
N182;N273
N132;N258
N7;N236
N444;N170
N112;N287
N123;N442
N363;N118
N212;N44
N39;N124
N61;N263
N257;N436
N330;N126
N278;N106
N438;N347
N298;N48
N67;N306
N274;N480
N395;N439
N301;N257
N182;N242
N453;N51
N221;N90
N107;N171
N310;N48
N44;N297
N43;N102
N266;N275
N39;N136
N29;N65
N345;N422
N317;N365
N496;N448
N161;N114
N216;N371
N72;N332
N490;N398
N245;N129
N375;N473
N14;N74
N392;N442
N468;N38
N294;N441
N414;N154
N257;N417
N291;N388
N283;N221
N362;N431
N395;N451
N221;N23
N221;N20
N70;N46
N422;N345
N56;N192
N59;N132
N253;N237
N125;N65
N360;N147
N85;N36
N23;N167
N236;N346
N371;N245
N447;N207
N313;N136
N258;N132
N338;N495
N379;N189
N238;N197
N358;N432
N406;N482
N174;N151
N366;N72
N53;N161
N154;N188
N148;N329
N360;N159
N436;N20
N342;N471
N39;N168
N141;N107
N179;N21
N464;N110
N72;N366
N384;N290
N182;N282
N120;N390
N53;N60
N236;N322
N120;N387
N53;N138
N294;N411
N262;N147
N379;N13
N112;N227
N174;N132
N119;N437
N253;N23
N103;N441
N213;N293
N89;N109
N207;N447
N107;N141
N398;N90
N125;N33
N131;N105
N86;N189
N196;N46
N489;N497
N310;N18
N371;N216
N181;N58
N206;N312
N254;N435
N448;N372
N26;N152
N51;N238
N456;N454
N40;N69
N415;N352
N150;N375
N350;N134
N398;N435
N484;N157
N360;N102
N423;N12
N72;N393
N474;N174
N484;N164
N76;N184
N179;N15
N169;N432
N309;N227
N205;N150
N278;N198
N185;N281
N323;N166
N337;N6
N451;N33
N58;N428
N41;N267
N217;N490
N35;N417
N402;N309
N205;N167
N109;N479
N313;N162
N162;N218
N394;N84
N367;N327
N202;N183
N466;N31
N143;N2
N27;N61
N197;N167
N260;N270
N247;N437
N152;N297
N238;N51
N413;N453
N192;N17
N242;N120
N166;N79
N343;N127
N393;N143
N264;N410
N394;N75
N206;N308
N378;N479
N323;N53
N167;N197
N217;N477
N483;N451
N266;N70
N202;N178
N270;N260
N450;N405
N310;N124
N263;N283
N342;N410
N484;N192
N473;N418
N66;N162
N230;N262
N423;N478
N428;N387
N157;N133
N194;N85
N458;N376
N458;N375
N132;N292
N391;N259
N317;N349
N240;N245
N366;N193
N83;N31
N84;N296
N2;N366
N415;N307
N139;N477
N138;N53
N187;N146
N7;N274
N287;N406
N453;N69
N126;N406
N2;N360
N347;N313
N398;N490
N410;N423
N373;N113
N338;N10
N345;N456
N166;N48
N464;N195
N294;N25
N51;N214
N294;N26
N320;N110
N391;N277
N194;N47
N223;N29
N38;N468
N180;N394
N313;N196
N238;N10
N26;N185
N137;N186
N225;N198
N260;N238
N267;N452
N13;N105
N38;N476
N179;N446
